HEALTH_PROTOCOL_TYPE_IDENT,ALARM_PROTOCOL_CODE,ALARM_PROTOCOL_IDENT,DESCRIPTION,LOCALIZED_DESCRIPTION,SEVERITY,ACTIVE,NAME,EXPRESSION,SEVERITY_LEVEL,CREATED_TIMESTAMP,CREATED_LOGIN_NAME,LAST_UPDATED_TIMESTAMP,LAST_UPDATED_LOGIN_NAME,ALIAS,MUTE,IGNORE_ALARM_RULE,CAN_MERGE_ALARM,MERGE_ALARM_TIME,HAS_MIN_DURATION,MIN_DURATION,IGNORE_ALARM_RULE_SEVERITIES,CAN_FILTER_VIRTUAL_ALARM,FILTER_VIRTUAL_ALARM_TIME
05EAAC07-2A3D-4E72-913A-7ACA936B9455,36678,10001,High Coolant Temp (Left Engine),NULL,A,Y,High Coolant Temp (Left Engine),NULL,NULL,NULL,NULL,NULL,NULL,NULL,N,NULL,1,1,0,NULL,NULL,NULL,NULL
05EAAC07-2A3D-4E72-913A-7ACA936B9455,43985,10002,Coolant Temp Ckt Failed High (Left),NULL,W,Y,Coolant Temp Ckt Failed High (Left),NULL,NULL,NULL,NULL,NULL,NULL,NULL,N,NULL,1,1,0,NULL,NULL,NULL,NULL
05EAAC07-2A3D-4E72-913A-7ACA936B9455,43986,10003,Coolant Temp Ckt Failed Low(Left Engine),NULL,W,Y,Coolant Temp Ckt Failed Low(Left Engine),NULL,NULL,NULL,NULL,NULL,NULL,NULL,N,NULL,1,1,0,NULL,NULL,NULL,NULL
05EAAC07-2A3D-4E72-913A-7ACA936B9455,43998,10004,Coolant Temp Above Normal (Left Engine),NULL,W,Y,Coolant Temp Above Normal (Left Engine),NULL,NULL,NULL,NULL,NULL,NULL,NULL,N,NULL,1,1,0,NULL,NULL,NULL,NULL
05EAAC07-2A3D-4E72-913A-7ACA936B9455,44013,10005,Low Coolant Level (Left Engine),NULL,A,Y,Low Coolant Level (Left Engine),NULL,NULL,NULL,NULL,NULL,NULL,NULL,N,NULL,1,1,0,NULL,NULL,NULL,NULL
05EAAC07-2A3D-4E72-913A-7ACA936B9455,44015,10006,Coolant Level Ckt Failed High (Left),NULL,W,Y,Coolant Level Ckt Failed High (Left),NULL,NULL,NULL,NULL,NULL,NULL,NULL,N,NULL,1,1,0,NULL,NULL,NULL,NULL
05EAAC07-2A3D-4E72-913A-7ACA936B9455,44016,10007,Coolant Level Ckt Failed Low (Left),NULL,W,Y,Coolant Level Ckt Failed Low (Left),NULL,NULL,NULL,NULL,NULL,NULL,NULL,N,NULL,1,1,0,NULL,NULL,NULL,NULL
05EAAC07-2A3D-4E72-913A-7ACA936B9455,44030,10008,Coolant Level Below Normal (Left Engine),NULL,W,Y,Coolant Level Below Normal (Left Engine),NULL,NULL,NULL,NULL,NULL,NULL,NULL,N,NULL,1,1,0,NULL,NULL,NULL,NULL
05EAAC07-2A3D-4E72-913A-7ACA936B9455,44044,10009,Very Low Coolant Pressure (Left Engine),NULL,A,Y,Very Low Coolant Pressure (Left Engine),NULL,NULL,NULL,NULL,NULL,NULL,NULL,N,NULL,1,1,0,NULL,NULL,NULL,NULL
05EAAC07-2A3D-4E72-913A-7ACA936B9455,44046,10010,Coolant Press Ckt Failed High (Left),NULL,W,Y,Coolant Press Ckt Failed High (Left),NULL,NULL,NULL,NULL,NULL,NULL,NULL,N,NULL,1,1,0,NULL,NULL,NULL,NULL
05EAAC07-2A3D-4E72-913A-7ACA936B9455,44047,10011,Coolant Press Ckt Failed Low (Left),NULL,W,Y,Coolant Press Ckt Failed Low (Left),NULL,NULL,NULL,NULL,NULL,NULL,NULL,N,NULL,1,1,0,NULL,NULL,NULL,NULL
05EAAC07-2A3D-4E72-913A-7ACA936B9455,36770,10012,High Fuel Temp (Most Severe Level) Left,NULL,A,Y,High Fuel Temp (Most Severe Level) Left,NULL,NULL,NULL,NULL,NULL,NULL,NULL,N,NULL,1,1,0,NULL,NULL,NULL,NULL
05EAAC07-2A3D-4E72-913A-7ACA936B9455,44077,10013,Fuel Temp Ckt Failed High (Left Engine),NULL,W,Y,Fuel Temp Ckt Failed High (Left Engine),NULL,NULL,NULL,NULL,NULL,NULL,NULL,N,NULL,1,1,0,NULL,NULL,NULL,NULL
05EAAC07-2A3D-4E72-913A-7ACA936B9455,44078,10014,Fuel Temp Ckt Failed Low (Left Engine),NULL,W,Y,Fuel Temp Ckt Failed Low (Left Engine),NULL,NULL,NULL,NULL,NULL,NULL,NULL,N,NULL,1,1,0,NULL,NULL,NULL,NULL
05EAAC07-2A3D-4E72-913A-7ACA936B9455,44136,10015,Very Low Oil Pressure (Left Engine),NULL,A,Y,Very Low Oil Pressure (Left Engine),NULL,NULL,NULL,NULL,NULL,NULL,NULL,N,NULL,1,1,0,NULL,NULL,NULL,NULL
05EAAC07-2A3D-4E72-913A-7ACA936B9455,44138,10016,Oil Press Ckt Failed High (Left Engine),NULL,W,Y,Oil Press Ckt Failed High (Left Engine),NULL,NULL,NULL,NULL,NULL,NULL,NULL,N,NULL,1,1,0,NULL,NULL,NULL,NULL
05EAAC07-2A3D-4E72-913A-7ACA936B9455,44139,10017,Oil Press Ckt Failed Low (Left Engine),NULL,W,Y,Oil Press Ckt Failed Low (Left Engine),NULL,NULL,NULL,NULL,NULL,NULL,NULL,N,NULL,1,1,0,NULL,NULL,NULL,NULL
05EAAC07-2A3D-4E72-913A-7ACA936B9455,36861,10018,Engine Oil Temperature High (Left Engine),NULL,A,Y,Engine Oil Temperature High (Left Engine),NULL,NULL,NULL,NULL,NULL,NULL,NULL,N,NULL,1,1,0,NULL,NULL,NULL,NULL
05EAAC07-2A3D-4E72-913A-7ACA936B9455,44168,10019,Oil Temp Ckt Failed High (Left Engine),NULL,W,Y,Oil Temp Ckt Failed High (Left Engine),NULL,NULL,NULL,NULL,NULL,NULL,NULL,N,NULL,1,1,0,NULL,NULL,NULL,NULL
05EAAC07-2A3D-4E72-913A-7ACA936B9455,44169,10020,Oil Temp Ckt Failed Low (Left Engine),NULL,W,Y,Oil Temp Ckt Failed Low (Left Engine),NULL,NULL,NULL,NULL,NULL,NULL,NULL,N,NULL,1,1,0,NULL,NULL,NULL,NULL
05EAAC07-2A3D-4E72-913A-7ACA936B9455,44181,10021,Engine Oil Temp Above Normal (Left),NULL,W,Y,Engine Oil Temp Above Normal (Left),NULL,NULL,NULL,NULL,NULL,NULL,NULL,N,NULL,1,1,0,NULL,NULL,NULL,NULL
05EAAC07-2A3D-4E72-913A-7ACA936B9455,14-16,10022,High Lube Oil Filter Restriction (Left),NULL,W,Y,High Lube Oil Filter Restriction (Left),NULL,NULL,NULL,NULL,NULL,NULL,NULL,N,NULL,1,1,0,NULL,NULL,NULL,NULL
05EAAC07-2A3D-4E72-913A-7ACA936B9455,15-0,10023,High Crankcase Pressure (Left Engine),NULL,A,Y,High Crankcase Pressure (Left Engine),NULL,NULL,NULL,NULL,NULL,NULL,NULL,N,NULL,1,1,0,NULL,NULL,NULL,NULL
05EAAC07-2A3D-4E72-913A-7ACA936B9455,15-3,10024,Crankcase Press Ckt Failed High (Left),NULL,W,Y,Crankcase Press Ckt Failed High (Left),NULL,NULL,NULL,NULL,NULL,NULL,NULL,N,NULL,1,1,0,NULL,NULL,NULL,NULL
05EAAC07-2A3D-4E72-913A-7ACA936B9455,15-4,10025,Crankcase Press Ckt Failed Low (Left),NULL,W,Y,Crankcase Press Ckt Failed Low (Left),NULL,NULL,NULL,NULL,NULL,NULL,NULL,N,NULL,1,1,0,NULL,NULL,NULL,NULL
05EAAC07-2A3D-4E72-913A-7ACA936B9455,16-3,10026,Int Man Press 1 Failed High,NULL,I,Y,Int Man Press 1 Failed High,NULL,NULL,NULL,NULL,NULL,NULL,NULL,N,NULL,1,1,0,NULL,NULL,NULL,NULL
05EAAC07-2A3D-4E72-913A-7ACA936B9455,16-4,10027,Int Man Press 1 Failed Low,NULL,I,Y,Int Man Press 1 Failed Low,NULL,NULL,NULL,NULL,NULL,NULL,NULL,N,NULL,1,1,0,NULL,NULL,NULL,NULL
05EAAC07-2A3D-4E72-913A-7ACA936B9455,16-17,10028,Int Man Press 1 Below Normal,NULL,I,Y,Int Man Press 1 Below Normal,NULL,NULL,NULL,NULL,NULL,NULL,NULL,N,NULL,1,1,0,NULL,NULL,NULL,NULL
05EAAC07-2A3D-4E72-913A-7ACA936B9455,17-3,10029,Int Man Press 2 Failed High,NULL,I,Y,Int Man Press 2 Failed High,NULL,NULL,NULL,NULL,NULL,NULL,NULL,N,NULL,1,1,0,NULL,NULL,NULL,NULL
05EAAC07-2A3D-4E72-913A-7ACA936B9455,17-4,10030,Int Man Press 2 Failed Low,NULL,I,Y,Int Man Press 2 Failed Low,NULL,NULL,NULL,NULL,NULL,NULL,NULL,N,NULL,1,1,0,NULL,NULL,NULL,NULL
05EAAC07-2A3D-4E72-913A-7ACA936B9455,17-17,10031,Int Man Press 2 Below Normal,NULL,I,Y,Int Man Press 2 Below Normal,NULL,NULL,NULL,NULL,NULL,NULL,NULL,N,NULL,1,1,0,NULL,NULL,NULL,NULL
05EAAC07-2A3D-4E72-913A-7ACA936B9455,21-0,10032,High Int Man Temp 1 (Left Engine),NULL,A,Y,High Int Man Temp 1 (Left Engine),NULL,NULL,NULL,NULL,NULL,NULL,NULL,N,NULL,1,1,0,NULL,NULL,NULL,NULL
05EAAC07-2A3D-4E72-913A-7ACA936B9455,21-3,10033,Int Man Temp 1 Ckt Failed High (Left),NULL,W,Y,Int Man Temp 1 Ckt Failed High (Left),NULL,NULL,NULL,NULL,NULL,NULL,NULL,N,NULL,1,1,0,NULL,NULL,NULL,NULL
05EAAC07-2A3D-4E72-913A-7ACA936B9455,21-4,10034,Int Man Temp 1 Ckt Failed Low (Left),NULL,W,Y,Int Man Temp 1 Ckt Failed Low (Left),NULL,NULL,NULL,NULL,NULL,NULL,NULL,N,NULL,1,1,0,NULL,NULL,NULL,NULL
05EAAC07-2A3D-4E72-913A-7ACA936B9455,21-10,10035,Rapid rise int man temp 1 (Left Engine),NULL,A,Y,Rapid rise int man temp 1 (Left Engine),NULL,NULL,NULL,NULL,NULL,NULL,NULL,N,NULL,1,1,0,NULL,NULL,NULL,NULL
05EAAC07-2A3D-4E72-913A-7ACA936B9455,21-16,10036,High Intake Manifold Temp 1 (Left Engine),NULL,W,Y,High Intake Manifold Temp 1 (Left Engine),NULL,NULL,NULL,NULL,NULL,NULL,NULL,N,NULL,1,1,0,NULL,NULL,NULL,NULL
05EAAC07-2A3D-4E72-913A-7ACA936B9455,22-0,10037,High Int Man Temp 2 (Left Engine),NULL,A,Y,High Int Man Temp 2 (Left Engine),NULL,NULL,NULL,NULL,NULL,NULL,NULL,N,NULL,1,1,0,NULL,NULL,NULL,NULL
05EAAC07-2A3D-4E72-913A-7ACA936B9455,22-3,10038,Int Man Temp 2 Ckt Failed High (Left),NULL,W,Y,Int Man Temp 2 Ckt Failed High (Left),NULL,NULL,NULL,NULL,NULL,NULL,NULL,N,NULL,1,1,0,NULL,NULL,NULL,NULL
05EAAC07-2A3D-4E72-913A-7ACA936B9455,22-4,10039,Int Man Temp 2 Ckt Failed Low (Left),NULL,W,Y,Int Man Temp 2 Ckt Failed Low (Left),NULL,NULL,NULL,NULL,NULL,NULL,NULL,N,NULL,1,1,0,NULL,NULL,NULL,NULL
05EAAC07-2A3D-4E72-913A-7ACA936B9455,22-10,10040,Rapid rise int man temp 2 (Left Engine),NULL,W,Y,Rapid rise int man temp 2 (Left Engine),NULL,NULL,NULL,NULL,NULL,NULL,NULL,N,NULL,1,1,0,NULL,NULL,NULL,NULL
05EAAC07-2A3D-4E72-913A-7ACA936B9455,22-16,10041,High Intake Manifold Temp 2 (Left),NULL,W,Y,High Intake Manifold Temp 2 (Left),NULL,NULL,NULL,NULL,NULL,NULL,NULL,N,NULL,1,1,0,NULL,NULL,NULL,NULL
05EAAC07-2A3D-4E72-913A-7ACA936B9455,41-0,10042,High Rail Pressure (Left Engine),NULL,A,Y,High Rail Pressure (Left Engine),NULL,NULL,NULL,NULL,NULL,NULL,NULL,N,NULL,1,1,0,NULL,NULL,NULL,NULL
05EAAC07-2A3D-4E72-913A-7ACA936B9455,41-3,10043,Rail Press Ckt Failed High(Left Engine),NULL,W,Y,Rail Press Ckt Failed High(Left Engine),NULL,NULL,NULL,NULL,NULL,NULL,NULL,N,NULL,1,1,0,NULL,NULL,NULL,NULL
05EAAC07-2A3D-4E72-913A-7ACA936B9455,41-4,10044,Rail Press Ckt Failed Low(Left Engine),NULL,W,Y,Rail Press Ckt Failed Low(Left Engine),NULL,NULL,NULL,NULL,NULL,NULL,NULL,N,NULL,1,1,0,NULL,NULL,NULL,NULL
05EAAC07-2A3D-4E72-913A-7ACA936B9455,41-18,10045,Rail Pressure 1 Below Normal (Left),NULL,W,Y,Rail Pressure 1 Below Normal (Left),NULL,NULL,NULL,NULL,NULL,NULL,NULL,N,NULL,1,1,0,NULL,NULL,NULL,NULL
05EAAC07-2A3D-4E72-913A-7ACA936B9455,43-3,10046,Ambient Air Press Failed High (Left),NULL,W,Y,Ambient Air Press Failed High (Left),NULL,NULL,NULL,NULL,NULL,NULL,NULL,N,NULL,1,1,0,NULL,NULL,NULL,NULL
05EAAC07-2A3D-4E72-913A-7ACA936B9455,43-4,10047,Ambient Air Press  Failed Low (Left),NULL,W,Y,Ambient Air Press  Failed Low (Left),NULL,NULL,NULL,NULL,NULL,NULL,NULL,N,NULL,1,1,0,NULL,NULL,NULL,NULL
05EAAC07-2A3D-4E72-913A-7ACA936B9455,44-3,10048,Ambient Temp Sensor Failed High,NULL,I,Y,Ambient Temp Sensor Failed High,NULL,NULL,NULL,NULL,NULL,NULL,NULL,N,NULL,1,1,0,NULL,NULL,NULL,NULL
05EAAC07-2A3D-4E72-913A-7ACA936B9455,44-4,10049,Ambient Temp Sensor Failed Low,NULL,I,Y,Ambient Temp Sensor Failed Low,NULL,NULL,NULL,NULL,NULL,NULL,NULL,N,NULL,1,1,0,NULL,NULL,NULL,NULL
05EAAC07-2A3D-4E72-913A-7ACA936B9455,46-0,10050,Eng Overspeed (Left Engine),NULL,A,Y,Eng Overspeed (Left Engine),NULL,NULL,NULL,NULL,NULL,NULL,NULL,N,NULL,1,1,0,NULL,NULL,NULL,NULL
05EAAC07-2A3D-4E72-913A-7ACA936B9455,46-2,10051,Engine Crankshaft Speed Erratic (Left),NULL,W,Y,Engine Crankshaft Speed Erratic (Left),NULL,NULL,NULL,NULL,NULL,NULL,NULL,N,NULL,1,1,0,NULL,NULL,NULL,NULL
05EAAC07-2A3D-4E72-913A-7ACA936B9455,48-3,10052,Accel Pedal Sensor 1 Ckt Failed High (L),NULL,W,Y,Accel Pedal Sensor 1 Ckt Failed High (L),NULL,NULL,NULL,NULL,NULL,NULL,NULL,N,NULL,1,1,0,NULL,NULL,NULL,NULL
05EAAC07-2A3D-4E72-913A-7ACA936B9455,48-4,10053,Accel Pedal Sensor 1 Ckt Failed Low (L),NULL,W,Y,Accel Pedal Sensor 1 Ckt Failed Low (L),NULL,NULL,NULL,NULL,NULL,NULL,NULL,N,NULL,1,1,0,NULL,NULL,NULL,NULL
05EAAC07-2A3D-4E72-913A-7ACA936B9455,48-8,10054,Accel Pedal Pos Sensor1 Ckt Freq Issue(L),NULL,W,Y,Accel Pedal Pos Sensor1 Ckt Freq Issue(L),NULL,NULL,NULL,NULL,NULL,NULL,NULL,N,NULL,1,1,0,NULL,NULL,NULL,NULL
05EAAC07-2A3D-4E72-913A-7ACA936B9455,60-0,10055,High Coolant Temp (Right Engine),NULL,A,Y,High Coolant Temp (Right Engine),NULL,NULL,NULL,NULL,NULL,NULL,NULL,N,NULL,1,1,0,NULL,NULL,NULL,NULL
05EAAC07-2A3D-4E72-913A-7ACA936B9455,60-3,10056,Coolant Temp Ckt Failed High (Right),NULL,W,Y,Coolant Temp Ckt Failed High (Right),NULL,NULL,NULL,NULL,NULL,NULL,NULL,N,NULL,1,1,0,NULL,NULL,NULL,NULL
05EAAC07-2A3D-4E72-913A-7ACA936B9455,60-4,10057,Coolant Temp Ckt Failed Low(Right Engine),NULL,W,Y,Coolant Temp Ckt Failed Low(Right Engine),NULL,NULL,NULL,NULL,NULL,NULL,NULL,N,NULL,1,1,0,NULL,NULL,NULL,NULL
05EAAC07-2A3D-4E72-913A-7ACA936B9455,60-16,10058,Coolant Temp Above Normal (Right Engine),NULL,W,Y,Coolant Temp Above Normal (Right Engine),NULL,NULL,NULL,NULL,NULL,NULL,NULL,N,NULL,1,1,0,NULL,NULL,NULL,NULL
05EAAC07-2A3D-4E72-913A-7ACA936B9455,61-1,10059,Low Coolant Level (Right Engine),NULL,A,Y,Low Coolant Level (Right Engine),NULL,NULL,NULL,NULL,NULL,NULL,NULL,N,NULL,1,1,0,NULL,NULL,NULL,NULL
05EAAC07-2A3D-4E72-913A-7ACA936B9455,61-3,10060,Coolant Level Ckt Failed High (Right),NULL,W,Y,Coolant Level Ckt Failed High (Right),NULL,NULL,NULL,NULL,NULL,NULL,NULL,N,NULL,1,1,0,NULL,NULL,NULL,NULL
05EAAC07-2A3D-4E72-913A-7ACA936B9455,61-4,10061,Coolant Level Ckt Failed Low (Right),NULL,W,Y,Coolant Level Ckt Failed Low (Right),NULL,NULL,NULL,NULL,NULL,NULL,NULL,N,NULL,1,1,0,NULL,NULL,NULL,NULL
05EAAC07-2A3D-4E72-913A-7ACA936B9455,61-18,10062,Coolant Level Below Normal (Right Engine),NULL,W,Y,Coolant Level Below Normal (Right Engine),NULL,NULL,NULL,NULL,NULL,NULL,NULL,N,NULL,1,1,0,NULL,NULL,NULL,NULL
05EAAC07-2A3D-4E72-913A-7ACA936B9455,62-1,10063,Very Low Coolant Pressure (Right Engine),NULL,A,Y,Very Low Coolant Pressure (Right Engine),NULL,NULL,NULL,NULL,NULL,NULL,NULL,N,NULL,1,1,0,NULL,NULL,NULL,NULL
05EAAC07-2A3D-4E72-913A-7ACA936B9455,62-3,10064,Coolant Press Ckt Failed High (Right),NULL,W,Y,Coolant Press Ckt Failed High (Right),NULL,NULL,NULL,NULL,NULL,NULL,NULL,N,NULL,1,1,0,NULL,NULL,NULL,NULL
05EAAC07-2A3D-4E72-913A-7ACA936B9455,62-4,10065,Coolant Press Ckt Failed Low (Right),NULL,W,Y,Coolant Press Ckt Failed Low (Right),NULL,NULL,NULL,NULL,NULL,NULL,NULL,N,NULL,1,1,0,NULL,NULL,NULL,NULL
05EAAC07-2A3D-4E72-913A-7ACA936B9455,63-0,10066,High Fuel Temp (Most Severe Level) Right,NULL,A,Y,High Fuel Temp (Most Severe Level) Right,NULL,NULL,NULL,NULL,NULL,NULL,NULL,N,NULL,1,1,0,NULL,NULL,NULL,NULL
05EAAC07-2A3D-4E72-913A-7ACA936B9455,63-3,10067,Fuel Temp Ckt Failed High (Right Engine),NULL,W,Y,Fuel Temp Ckt Failed High (Right Engine),NULL,NULL,NULL,NULL,NULL,NULL,NULL,N,NULL,1,1,0,NULL,NULL,NULL,NULL
05EAAC07-2A3D-4E72-913A-7ACA936B9455,63-4,10068,Fuel Temp Ckt Failed Low (Right Engine),NULL,W,Y,Fuel Temp Ckt Failed Low (Right Engine),NULL,NULL,NULL,NULL,NULL,NULL,NULL,N,NULL,1,1,0,NULL,NULL,NULL,NULL
05EAAC07-2A3D-4E72-913A-7ACA936B9455,65-1,10069,Very Low Oil Pressure (Right Engine),NULL,A,Y,Very Low Oil Pressure (Right Engine),NULL,NULL,NULL,NULL,NULL,NULL,NULL,N,NULL,1,1,0,NULL,NULL,NULL,NULL
05EAAC07-2A3D-4E72-913A-7ACA936B9455,65-3,10070,Oil Press Ckt Failed High (Right Engine),NULL,W,Y,Oil Press Ckt Failed High (Right Engine),NULL,NULL,NULL,NULL,NULL,NULL,NULL,N,NULL,1,1,0,NULL,NULL,NULL,NULL
05EAAC07-2A3D-4E72-913A-7ACA936B9455,65-4,10071,Oil Press Ckt Failed Low (Right Engine),NULL,W,Y,Oil Press Ckt Failed Low (Right Engine),NULL,NULL,NULL,NULL,NULL,NULL,NULL,N,NULL,1,1,0,NULL,NULL,NULL,NULL
05EAAC07-2A3D-4E72-913A-7ACA936B9455,66-0,10072,Engine Oil Temperature High (Right Engine),NULL,A,Y,Engine Oil Temperature High (Right Engine),NULL,NULL,NULL,NULL,NULL,NULL,NULL,N,NULL,1,1,0,NULL,NULL,NULL,NULL
05EAAC07-2A3D-4E72-913A-7ACA936B9455,66-3,10073,Oil Temp Ckt Failed High (Right Engine),NULL,W,Y,Oil Temp Ckt Failed High (Right Engine),NULL,NULL,NULL,NULL,NULL,NULL,NULL,N,NULL,1,1,0,NULL,NULL,NULL,NULL
05EAAC07-2A3D-4E72-913A-7ACA936B9455,66-4,10074,Oil Temp Ckt Failed Low (Right Engine),NULL,W,Y,Oil Temp Ckt Failed Low (Right Engine),NULL,NULL,NULL,NULL,NULL,NULL,NULL,N,NULL,1,1,0,NULL,NULL,NULL,NULL
05EAAC07-2A3D-4E72-913A-7ACA936B9455,66-16,10075,Engine Oil Temp Above Normal (Right),NULL,W,Y,Engine Oil Temp Above Normal (Right),NULL,NULL,NULL,NULL,NULL,NULL,NULL,N,NULL,1,1,0,NULL,NULL,NULL,NULL
05EAAC07-2A3D-4E72-913A-7ACA936B9455,68-16,10076,High Lube Oil Filter Restriction (Right),NULL,W,Y,High Lube Oil Filter Restriction (Right),NULL,NULL,NULL,NULL,NULL,NULL,NULL,N,NULL,1,1,0,NULL,NULL,NULL,NULL
05EAAC07-2A3D-4E72-913A-7ACA936B9455,69-0,10077,High Crankcase Pressure (Right Engine),NULL,A,Y,High Crankcase Pressure (Right Engine),NULL,NULL,NULL,NULL,NULL,NULL,NULL,N,NULL,1,1,0,NULL,NULL,NULL,NULL
05EAAC07-2A3D-4E72-913A-7ACA936B9455,69-3,10078,Crankcase Press Ckt Failed High (Right),NULL,W,Y,Crankcase Press Ckt Failed High (Right),NULL,NULL,NULL,NULL,NULL,NULL,NULL,N,NULL,1,1,0,NULL,NULL,NULL,NULL
05EAAC07-2A3D-4E72-913A-7ACA936B9455,69-4,10079,Crankcase Press Ckt Failed Low (Right),NULL,W,Y,Crankcase Press Ckt Failed Low (Right),NULL,NULL,NULL,NULL,NULL,NULL,NULL,N,NULL,1,1,0,NULL,NULL,NULL,NULL
05EAAC07-2A3D-4E72-913A-7ACA936B9455,70-3,10080,Int Man Press 1 Failed High,NULL,I,Y,Int Man Press 1 Failed High,NULL,NULL,NULL,NULL,NULL,NULL,NULL,N,NULL,1,1,0,NULL,NULL,NULL,NULL
05EAAC07-2A3D-4E72-913A-7ACA936B9455,70-4,10081,Int Man Press 1 Failed Low,NULL,I,Y,Int Man Press 1 Failed Low,NULL,NULL,NULL,NULL,NULL,NULL,NULL,N,NULL,1,1,0,NULL,NULL,NULL,NULL
05EAAC07-2A3D-4E72-913A-7ACA936B9455,70-17,10082,Int Man Press 1 Below Normal,NULL,I,Y,Int Man Press 1 Below Normal,NULL,NULL,NULL,NULL,NULL,NULL,NULL,N,NULL,1,1,0,NULL,NULL,NULL,NULL
05EAAC07-2A3D-4E72-913A-7ACA936B9455,71-3,10083,Int Man Press 2 Failed High,NULL,I,Y,Int Man Press 2 Failed High,NULL,NULL,NULL,NULL,NULL,NULL,NULL,N,NULL,1,1,0,NULL,NULL,NULL,NULL
05EAAC07-2A3D-4E72-913A-7ACA936B9455,71-4,10084,Int Man Press 2 Failed Low,NULL,I,Y,Int Man Press 2 Failed Low,NULL,NULL,NULL,NULL,NULL,NULL,NULL,N,NULL,1,1,0,NULL,NULL,NULL,NULL
05EAAC07-2A3D-4E72-913A-7ACA936B9455,71-17,10085,Int Man Press 2 Below Normal,NULL,I,Y,Int Man Press 2 Below Normal,NULL,NULL,NULL,NULL,NULL,NULL,NULL,N,NULL,1,1,0,NULL,NULL,NULL,NULL
05EAAC07-2A3D-4E72-913A-7ACA936B9455,75-0,10086,High Int Man Temp 1 (Right Engine),NULL,A,Y,High Int Man Temp 1 (Right Engine),NULL,NULL,NULL,NULL,NULL,NULL,NULL,N,NULL,1,1,0,NULL,NULL,NULL,NULL
05EAAC07-2A3D-4E72-913A-7ACA936B9455,75-3,10087,Int Man Temp 1 Ckt Failed High (Right),NULL,W,Y,Int Man Temp 1 Ckt Failed High (Right),NULL,NULL,NULL,NULL,NULL,NULL,NULL,N,NULL,1,1,0,NULL,NULL,NULL,NULL
05EAAC07-2A3D-4E72-913A-7ACA936B9455,75-4,10088,Int Man Temp 1 Ckt Failed Low (Right),NULL,W,Y,Int Man Temp 1 Ckt Failed Low (Right),NULL,NULL,NULL,NULL,NULL,NULL,NULL,N,NULL,1,1,0,NULL,NULL,NULL,NULL
05EAAC07-2A3D-4E72-913A-7ACA936B9455,75-10,10089,Rapid rise int man temp 1 (Right Engine),NULL,A,Y,Rapid rise int man temp 1 (Right Engine),NULL,NULL,NULL,NULL,NULL,NULL,NULL,N,NULL,1,1,0,NULL,NULL,NULL,NULL
05EAAC07-2A3D-4E72-913A-7ACA936B9455,75-16,10090,High Intake Manifold Temp 1 (Right Engine),NULL,W,Y,High Intake Manifold Temp 1 (Right Engine),NULL,NULL,NULL,NULL,NULL,NULL,NULL,N,NULL,1,1,0,NULL,NULL,NULL,NULL
05EAAC07-2A3D-4E72-913A-7ACA936B9455,76-0,10091,High Int Man Temp 2 (Right Engine),NULL,A,Y,High Int Man Temp 2 (Right Engine),NULL,NULL,NULL,NULL,NULL,NULL,NULL,N,NULL,1,1,0,NULL,NULL,NULL,NULL
05EAAC07-2A3D-4E72-913A-7ACA936B9455,76-3,10092,Int Man Temp 2 Ckt Failed High (Right),NULL,W,Y,Int Man Temp 2 Ckt Failed High (Right),NULL,NULL,NULL,NULL,NULL,NULL,NULL,N,NULL,1,1,0,NULL,NULL,NULL,NULL
05EAAC07-2A3D-4E72-913A-7ACA936B9455,76-4,10093,Int Man Temp 2 Ckt Failed Low (Right),NULL,W,Y,Int Man Temp 2 Ckt Failed Low (Right),NULL,NULL,NULL,NULL,NULL,NULL,NULL,N,NULL,1,1,0,NULL,NULL,NULL,NULL
05EAAC07-2A3D-4E72-913A-7ACA936B9455,76-10,10094,Rapid rise int man temp 2 (Right Engine),NULL,A,Y,Rapid rise int man temp 2 (Right Engine),NULL,NULL,NULL,NULL,NULL,NULL,NULL,N,NULL,1,1,0,NULL,NULL,NULL,NULL
05EAAC07-2A3D-4E72-913A-7ACA936B9455,76-16,10095,High Intake Manifold Temp 2 (Right),NULL,W,Y,High Intake Manifold Temp 2 (Right),NULL,NULL,NULL,NULL,NULL,NULL,NULL,N,NULL,1,1,0,NULL,NULL,NULL,NULL
05EAAC07-2A3D-4E72-913A-7ACA936B9455,85-0,10096,High Rail Pressure (Right Engine),NULL,A,Y,High Rail Pressure (Right Engine),NULL,NULL,NULL,NULL,NULL,NULL,NULL,N,NULL,1,1,0,NULL,NULL,NULL,NULL
05EAAC07-2A3D-4E72-913A-7ACA936B9455,85-3,10097,Rail Press Ckt Failed High(Right Engine),NULL,W,Y,Rail Press Ckt Failed High(Right Engine),NULL,NULL,NULL,NULL,NULL,NULL,NULL,N,NULL,1,1,0,NULL,NULL,NULL,NULL
05EAAC07-2A3D-4E72-913A-7ACA936B9455,85-4,10098,Rail Press Ckt Failed Low(Right Engine),NULL,W,Y,Rail Press Ckt Failed Low(Right Engine),NULL,NULL,NULL,NULL,NULL,NULL,NULL,N,NULL,1,1,0,NULL,NULL,NULL,NULL
05EAAC07-2A3D-4E72-913A-7ACA936B9455,85-18,10099,Rail Pressure 1 Below Normal (Right),NULL,W,Y,Rail Pressure 1 Below Normal (Right),NULL,NULL,NULL,NULL,NULL,NULL,NULL,N,NULL,1,1,0,NULL,NULL,NULL,NULL
05EAAC07-2A3D-4E72-913A-7ACA936B9455,88-0,10100,Eng Overspeed (Right Engine),NULL,A,Y,Eng Overspeed (Right Engine),NULL,NULL,NULL,NULL,NULL,NULL,NULL,N,NULL,1,1,0,NULL,NULL,NULL,NULL
05EAAC07-2A3D-4E72-913A-7ACA936B9455,88-2,10101,Engine Crankshaft Speed Erratic (Right),NULL,W,Y,Engine Crankshaft Speed Erratic (Right),NULL,NULL,NULL,NULL,NULL,NULL,NULL,N,NULL,1,1,0,NULL,NULL,NULL,NULL
05EAAC07-2A3D-4E72-913A-7ACA936B9455,90-3,10102,Accel Pedal Sensor 1 Ckt Failed High (R),NULL,W,Y,Accel Pedal Sensor 1 Ckt Failed High (R),NULL,NULL,NULL,NULL,NULL,NULL,NULL,N,NULL,1,1,0,NULL,NULL,NULL,NULL
05EAAC07-2A3D-4E72-913A-7ACA936B9455,90-4,10103,Accel Pedal Sensor 1 Ckt Failed Low (R),NULL,W,Y,Accel Pedal Sensor 1 Ckt Failed Low (R),NULL,NULL,NULL,NULL,NULL,NULL,NULL,N,NULL,1,1,0,NULL,NULL,NULL,NULL
05EAAC07-2A3D-4E72-913A-7ACA936B9455,90-8,10104,Accel Pedal Pos Sensor1 Ckt Freq Issue(R),NULL,W,Y,Accel Pedal Pos Sensor1 Ckt Freq Issue(R),NULL,NULL,NULL,NULL,NULL,NULL,NULL,N,NULL,1,1,0,NULL,NULL,NULL,NULL
05EAAC07-2A3D-4E72-913A-7ACA936B9455,90-19,10105,J1939 Accel Pedal Error,NULL,I,Y,J1939 Accel Pedal Error,NULL,NULL,NULL,NULL,NULL,NULL,NULL,N,NULL,1,1,0,NULL,NULL,NULL,NULL
05EAAC07-2A3D-4E72-913A-7ACA936B9455,96-3,10106,TEMP Sensor Fault(RAD Inlet Air) High(L),NULL,I,Y,TEMP Sensor Fault(RAD Inlet Air) High(L),NULL,NULL,NULL,NULL,NULL,NULL,NULL,N,NULL,1,1,0,NULL,NULL,NULL,NULL
05EAAC07-2A3D-4E72-913A-7ACA936B9455,96-4,10107,TEMP Sensor Fault (RAD Inlet Air) Low(L),NULL,I,Y,TEMP Sensor Fault (RAD Inlet Air) Low(L),NULL,NULL,NULL,NULL,NULL,NULL,NULL,N,NULL,1,1,0,NULL,NULL,NULL,NULL
05EAAC07-2A3D-4E72-913A-7ACA936B9455,97-3,10108,TEMP Sensor Fault (RAD Outlet) High (L),NULL,I,Y,TEMP Sensor Fault (RAD Outlet) High (L),NULL,NULL,NULL,NULL,NULL,NULL,NULL,N,NULL,1,1,0,NULL,NULL,NULL,NULL
05EAAC07-2A3D-4E72-913A-7ACA936B9455,97-4,10109,TEMP Sensor Fault (RAD Outlet) Low (L),NULL,I,Y,TEMP Sensor Fault (RAD Outlet) Low (L),NULL,NULL,NULL,NULL,NULL,NULL,NULL,N,NULL,1,1,0,NULL,NULL,NULL,NULL
05EAAC07-2A3D-4E72-913A-7ACA936B9455,98-3,10110,PressSensorFault(CoolerFanMotorInlet) Hi,NULL,I,Y,PressSensorFault(CoolerFanMotorInlet) Hi,NULL,NULL,NULL,NULL,NULL,NULL,NULL,N,NULL,1,1,0,NULL,NULL,NULL,NULL
05EAAC07-2A3D-4E72-913A-7ACA936B9455,98-4,10111,PressSensorFault(CoolerFanMotorInlet) Lo,NULL,I,Y,PressSensorFault(CoolerFanMotorInlet) Lo,NULL,NULL,NULL,NULL,NULL,NULL,NULL,N,NULL,1,1,0,NULL,NULL,NULL,NULL
05EAAC07-2A3D-4E72-913A-7ACA936B9455,100-3,10112,Press(RAD FanMotorNegativeControl)High(L),NULL,I,Y,Press(RAD FanMotorNegativeControl)High(L),NULL,NULL,NULL,NULL,NULL,NULL,NULL,N,NULL,1,1,0,NULL,NULL,NULL,NULL
05EAAC07-2A3D-4E72-913A-7ACA936B9455,100-4,10113,Press(RAD FanMotorNegativeControl)Low(L),NULL,I,Y,Press(RAD FanMotorNegativeControl)Low(L),NULL,NULL,NULL,NULL,NULL,NULL,NULL,N,NULL,1,1,0,NULL,NULL,NULL,NULL
05EAAC07-2A3D-4E72-913A-7ACA936B9455,105-3,10114,TEMP Sensor Fault(RAD Inlet Air) High(R),NULL,I,Y,TEMP Sensor Fault(RAD Inlet Air) High(R),NULL,NULL,NULL,NULL,NULL,NULL,NULL,N,NULL,1,1,0,NULL,NULL,NULL,NULL
05EAAC07-2A3D-4E72-913A-7ACA936B9455,105-4,10115,TEMP Sensor Fault (RAD Inlet Air) Low(R),NULL,I,Y,TEMP Sensor Fault (RAD Inlet Air) Low(R),NULL,NULL,NULL,NULL,NULL,NULL,NULL,N,NULL,1,1,0,NULL,NULL,NULL,NULL
05EAAC07-2A3D-4E72-913A-7ACA936B9455,106-3,10116,TEMP Sensor Fault (RAD Outlet) High (R),NULL,I,Y,TEMP Sensor Fault (RAD Outlet) High (R),NULL,NULL,NULL,NULL,NULL,NULL,NULL,N,NULL,1,1,0,NULL,NULL,NULL,NULL
05EAAC07-2A3D-4E72-913A-7ACA936B9455,106-4,10117,TEMP Sensor Fault (RAD Outlet) Low (R),NULL,I,Y,TEMP Sensor Fault (RAD Outlet) Low (R),NULL,NULL,NULL,NULL,NULL,NULL,NULL,N,NULL,1,1,0,NULL,NULL,NULL,NULL
05EAAC07-2A3D-4E72-913A-7ACA936B9455,107-3,10118,PressSensorFault(RAD FanMotorInlet)Hi(R),NULL,I,Y,PressSensorFault(RAD FanMotorInlet)Hi(R),NULL,NULL,NULL,NULL,NULL,NULL,NULL,N,NULL,1,1,0,NULL,NULL,NULL,NULL
05EAAC07-2A3D-4E72-913A-7ACA936B9455,107-4,10119,PressSensorFault(RAD FanMotorInlet)Lo(R),NULL,I,Y,PressSensorFault(RAD FanMotorInlet)Lo(R),NULL,NULL,NULL,NULL,NULL,NULL,NULL,N,NULL,1,1,0,NULL,NULL,NULL,NULL
05EAAC07-2A3D-4E72-913A-7ACA936B9455,109-3,10120,Press(RAD FanMotorNegativeControl)High(R),NULL,I,Y,Press(RAD FanMotorNegativeControl)High(R),NULL,NULL,NULL,NULL,NULL,NULL,NULL,N,NULL,1,1,0,NULL,NULL,NULL,NULL
05EAAC07-2A3D-4E72-913A-7ACA936B9455,109-4,10121,Press(RAD FanMotorNegativeControl)Low(R),NULL,I,Y,Press(RAD FanMotorNegativeControl)Low(R),NULL,NULL,NULL,NULL,NULL,NULL,NULL,N,NULL,1,1,0,NULL,NULL,NULL,NULL
05EAAC07-2A3D-4E72-913A-7ACA936B9455,120-3,10122,Exh Temp Ckt Failed High Cylinder 1,NULL,I,Y,Exh Temp Ckt Failed High Cylinder 1,NULL,NULL,NULL,NULL,NULL,NULL,NULL,N,NULL,1,1,0,NULL,NULL,NULL,NULL
05EAAC07-2A3D-4E72-913A-7ACA936B9455,120-4,10123,Exh Temp Ckt Failed Low Cylinder 1,NULL,I,Y,Exh Temp Ckt Failed Low Cylinder 1,NULL,NULL,NULL,NULL,NULL,NULL,NULL,N,NULL,1,1,0,NULL,NULL,NULL,NULL
05EAAC07-2A3D-4E72-913A-7ACA936B9455,120-16,10124,High Exhaust Temp Cyl 1 (Left Engine),NULL,W,Y,High Exhaust Temp Cyl 1 (Left Engine),NULL,NULL,NULL,NULL,NULL,NULL,NULL,N,NULL,1,1,0,NULL,NULL,NULL,NULL
05EAAC07-2A3D-4E72-913A-7ACA936B9455,120-17,10125,Low Power Cylinder 1,NULL,I,Y,Low Power Cylinder 1,NULL,NULL,NULL,NULL,NULL,NULL,NULL,N,NULL,1,1,0,NULL,NULL,NULL,NULL
05EAAC07-2A3D-4E72-913A-7ACA936B9455,121-3,10126,Exh Temp Ckt Failed High Cylinder 2,NULL,I,Y,Exh Temp Ckt Failed High Cylinder 2,NULL,NULL,NULL,NULL,NULL,NULL,NULL,N,NULL,1,1,0,NULL,NULL,NULL,NULL
05EAAC07-2A3D-4E72-913A-7ACA936B9455,121-4,10127,Exh Temp Ckt Failed Low Cylinder 2,NULL,I,Y,Exh Temp Ckt Failed Low Cylinder 2,NULL,NULL,NULL,NULL,NULL,NULL,NULL,N,NULL,1,1,0,NULL,NULL,NULL,NULL
05EAAC07-2A3D-4E72-913A-7ACA936B9455,121-16,10128,High Exhaust Temp Cyl 2 (Left Engine),NULL,W,Y,High Exhaust Temp Cyl 2 (Left Engine),NULL,NULL,NULL,NULL,NULL,NULL,NULL,N,NULL,1,1,0,NULL,NULL,NULL,NULL
05EAAC07-2A3D-4E72-913A-7ACA936B9455,121-17,10129,Low Power Cylinder 2,NULL,I,Y,Low Power Cylinder 2,NULL,NULL,NULL,NULL,NULL,NULL,NULL,N,NULL,1,1,0,NULL,NULL,NULL,NULL
05EAAC07-2A3D-4E72-913A-7ACA936B9455,122-3,10130,Exh Temp Ckt Failed High Cylinder 3,NULL,I,Y,Exh Temp Ckt Failed High Cylinder 3,NULL,NULL,NULL,NULL,NULL,NULL,NULL,N,NULL,1,1,0,NULL,NULL,NULL,NULL
05EAAC07-2A3D-4E72-913A-7ACA936B9455,122-4,10131,Exh Temp Ckt Failed Low Cylinder 3,NULL,I,Y,Exh Temp Ckt Failed Low Cylinder 3,NULL,NULL,NULL,NULL,NULL,NULL,NULL,N,NULL,1,1,0,NULL,NULL,NULL,NULL
05EAAC07-2A3D-4E72-913A-7ACA936B9455,122-16,10132,High Exhaust Temp Cyl 3 (Left Engine),NULL,W,Y,High Exhaust Temp Cyl 3 (Left Engine),NULL,NULL,NULL,NULL,NULL,NULL,NULL,N,NULL,1,1,0,NULL,NULL,NULL,NULL
05EAAC07-2A3D-4E72-913A-7ACA936B9455,122-17,10133,Low Power Cylinder 3,NULL,I,Y,Low Power Cylinder 3,NULL,NULL,NULL,NULL,NULL,NULL,NULL,N,NULL,1,1,0,NULL,NULL,NULL,NULL
05EAAC07-2A3D-4E72-913A-7ACA936B9455,123-3,10134,Exh Temp Ckt Failed High Cylinder 4,NULL,I,Y,Exh Temp Ckt Failed High Cylinder 4,NULL,NULL,NULL,NULL,NULL,NULL,NULL,N,NULL,1,1,0,NULL,NULL,NULL,NULL
05EAAC07-2A3D-4E72-913A-7ACA936B9455,123-4,10135,Exh Temp Ckt Failed Low Cylinder 4,NULL,I,Y,Exh Temp Ckt Failed Low Cylinder 4,NULL,NULL,NULL,NULL,NULL,NULL,NULL,N,NULL,1,1,0,NULL,NULL,NULL,NULL
05EAAC07-2A3D-4E72-913A-7ACA936B9455,123-16,10136,High Exhaust Temp Cyl 4 (Left Engine),NULL,W,Y,High Exhaust Temp Cyl 4 (Left Engine),NULL,NULL,NULL,NULL,NULL,NULL,NULL,N,NULL,1,1,0,NULL,NULL,NULL,NULL
05EAAC07-2A3D-4E72-913A-7ACA936B9455,123-17,10137,Low Power Cylinder 4,NULL,I,Y,Low Power Cylinder 4,NULL,NULL,NULL,NULL,NULL,NULL,NULL,N,NULL,1,1,0,NULL,NULL,NULL,NULL
05EAAC07-2A3D-4E72-913A-7ACA936B9455,124-3,10138,Exh Temp Ckt Failed High Cylinder 5,NULL,I,Y,Exh Temp Ckt Failed High Cylinder 5,NULL,NULL,NULL,NULL,NULL,NULL,NULL,N,NULL,1,1,0,NULL,NULL,NULL,NULL
05EAAC07-2A3D-4E72-913A-7ACA936B9455,124-4,10139,Exh Temp Ckt Failed Low Cylinder 5,NULL,I,Y,Exh Temp Ckt Failed Low Cylinder 5,NULL,NULL,NULL,NULL,NULL,NULL,NULL,N,NULL,1,1,0,NULL,NULL,NULL,NULL
05EAAC07-2A3D-4E72-913A-7ACA936B9455,124-16,10140,High Exhaust Temp Cyl 5 (Left Engine),NULL,W,Y,High Exhaust Temp Cyl 5 (Left Engine),NULL,NULL,NULL,NULL,NULL,NULL,NULL,N,NULL,1,1,0,NULL,NULL,NULL,NULL
05EAAC07-2A3D-4E72-913A-7ACA936B9455,124-17,10141,Low Power Cylinder 5,NULL,I,Y,Low Power Cylinder 5,NULL,NULL,NULL,NULL,NULL,NULL,NULL,N,NULL,1,1,0,NULL,NULL,NULL,NULL
05EAAC07-2A3D-4E72-913A-7ACA936B9455,125-3,10142,Exh Temp Ckt Failed High Cylinder 6,NULL,I,Y,Exh Temp Ckt Failed High Cylinder 6,NULL,NULL,NULL,NULL,NULL,NULL,NULL,N,NULL,1,1,0,NULL,NULL,NULL,NULL
05EAAC07-2A3D-4E72-913A-7ACA936B9455,125-4,10143,Exh Temp Ckt Failed Low Cylinder 6,NULL,I,Y,Exh Temp Ckt Failed Low Cylinder 6,NULL,NULL,NULL,NULL,NULL,NULL,NULL,N,NULL,1,1,0,NULL,NULL,NULL,NULL
05EAAC07-2A3D-4E72-913A-7ACA936B9455,125-16,10144,High Exhaust Temp Cyl 6 (Left Engine),NULL,W,Y,High Exhaust Temp Cyl 6 (Left Engine),NULL,NULL,NULL,NULL,NULL,NULL,NULL,N,NULL,1,1,0,NULL,NULL,NULL,NULL
05EAAC07-2A3D-4E72-913A-7ACA936B9455,125-17,10145,Low Power Cylinder 6,NULL,I,Y,Low Power Cylinder 6,NULL,NULL,NULL,NULL,NULL,NULL,NULL,N,NULL,1,1,0,NULL,NULL,NULL,NULL
05EAAC07-2A3D-4E72-913A-7ACA936B9455,126-3,10146,Exh Temp Ckt Failed High Cylinder 7,NULL,I,Y,Exh Temp Ckt Failed High Cylinder 7,NULL,NULL,NULL,NULL,NULL,NULL,NULL,N,NULL,1,1,0,NULL,NULL,NULL,NULL
05EAAC07-2A3D-4E72-913A-7ACA936B9455,126-4,10147,Exh Temp Ckt Failed Low Cylinder 7,NULL,I,Y,Exh Temp Ckt Failed Low Cylinder 7,NULL,NULL,NULL,NULL,NULL,NULL,NULL,N,NULL,1,1,0,NULL,NULL,NULL,NULL
05EAAC07-2A3D-4E72-913A-7ACA936B9455,126-16,10148,High Exhaust Temp Cyl 7 (Left Engine),NULL,W,Y,High Exhaust Temp Cyl 7 (Left Engine),NULL,NULL,NULL,NULL,NULL,NULL,NULL,N,NULL,1,1,0,NULL,NULL,NULL,NULL
05EAAC07-2A3D-4E72-913A-7ACA936B9455,126-17,10149,Low Power Cylinder 7,NULL,I,Y,Low Power Cylinder 7,NULL,NULL,NULL,NULL,NULL,NULL,NULL,N,NULL,1,1,0,NULL,NULL,NULL,NULL
05EAAC07-2A3D-4E72-913A-7ACA936B9455,127-3,10150,Exh Temp Ckt Failed High Cylinder 8,NULL,I,Y,Exh Temp Ckt Failed High Cylinder 8,NULL,NULL,NULL,NULL,NULL,NULL,NULL,N,NULL,1,1,0,NULL,NULL,NULL,NULL
05EAAC07-2A3D-4E72-913A-7ACA936B9455,127-4,10151,Exh Temp Ckt Failed Low Cylinder 8,NULL,I,Y,Exh Temp Ckt Failed Low Cylinder 8,NULL,NULL,NULL,NULL,NULL,NULL,NULL,N,NULL,1,1,0,NULL,NULL,NULL,NULL
05EAAC07-2A3D-4E72-913A-7ACA936B9455,127-16,10152,High Exhaust Temp Cyl 8 (Left Engine),NULL,W,Y,High Exhaust Temp Cyl 8 (Left Engine),NULL,NULL,NULL,NULL,NULL,NULL,NULL,N,NULL,1,1,0,NULL,NULL,NULL,NULL
05EAAC07-2A3D-4E72-913A-7ACA936B9455,127-17,10153,Low Power Cylinder 8,NULL,I,Y,Low Power Cylinder 8,NULL,NULL,NULL,NULL,NULL,NULL,NULL,N,NULL,1,1,0,NULL,NULL,NULL,NULL
05EAAC07-2A3D-4E72-913A-7ACA936B9455,128-3,10154,Exh Temp Ckt Failed High Cylinder 9,NULL,I,Y,Exh Temp Ckt Failed High Cylinder 9,NULL,NULL,NULL,NULL,NULL,NULL,NULL,N,NULL,1,1,0,NULL,NULL,NULL,NULL
05EAAC07-2A3D-4E72-913A-7ACA936B9455,128-4,10155,Exh Temp Ckt Failed Low Cylinder 9,NULL,I,Y,Exh Temp Ckt Failed Low Cylinder 9,NULL,NULL,NULL,NULL,NULL,NULL,NULL,N,NULL,1,1,0,NULL,NULL,NULL,NULL
05EAAC07-2A3D-4E72-913A-7ACA936B9455,128-16,10156,High Exhaust Temp Cyl 9 (Left Engine),NULL,W,Y,High Exhaust Temp Cyl 9 (Left Engine),NULL,NULL,NULL,NULL,NULL,NULL,NULL,N,NULL,1,1,0,NULL,NULL,NULL,NULL
05EAAC07-2A3D-4E72-913A-7ACA936B9455,128-17,10157,Low Power Cylinder 9,NULL,I,Y,Low Power Cylinder 9,NULL,NULL,NULL,NULL,NULL,NULL,NULL,N,NULL,1,1,0,NULL,NULL,NULL,NULL
05EAAC07-2A3D-4E72-913A-7ACA936B9455,129-3,10158,Exh Temp Ckt Failed High Cylinder 10,NULL,I,Y,Exh Temp Ckt Failed High Cylinder 10,NULL,NULL,NULL,NULL,NULL,NULL,NULL,N,NULL,1,1,0,NULL,NULL,NULL,NULL
05EAAC07-2A3D-4E72-913A-7ACA936B9455,129-4,10159,Exh Temp Ckt Failed Low Cylinder 10,NULL,I,Y,Exh Temp Ckt Failed Low Cylinder 10,NULL,NULL,NULL,NULL,NULL,NULL,NULL,N,NULL,1,1,0,NULL,NULL,NULL,NULL
05EAAC07-2A3D-4E72-913A-7ACA936B9455,129-16,10160,High Exhaust Temp Cyl 10 (Left Engine),NULL,W,Y,High Exhaust Temp Cyl 10 (Left Engine),NULL,NULL,NULL,NULL,NULL,NULL,NULL,N,NULL,1,1,0,NULL,NULL,NULL,NULL
05EAAC07-2A3D-4E72-913A-7ACA936B9455,129-17,10161,Low Power Cylinder 10,NULL,I,Y,Low Power Cylinder 10,NULL,NULL,NULL,NULL,NULL,NULL,NULL,N,NULL,1,1,0,NULL,NULL,NULL,NULL
05EAAC07-2A3D-4E72-913A-7ACA936B9455,130-3,10162,Exh Temp Ckt Failed High Cylinder 11,NULL,I,Y,Exh Temp Ckt Failed High Cylinder 11,NULL,NULL,NULL,NULL,NULL,NULL,NULL,N,NULL,1,1,0,NULL,NULL,NULL,NULL
05EAAC07-2A3D-4E72-913A-7ACA936B9455,130-4,10163,Exh Temp Ckt Failed Low Cylinder 11,NULL,I,Y,Exh Temp Ckt Failed Low Cylinder 11,NULL,NULL,NULL,NULL,NULL,NULL,NULL,N,NULL,1,1,0,NULL,NULL,NULL,NULL
05EAAC07-2A3D-4E72-913A-7ACA936B9455,130-16,10164,High Exhaust Temp Cyl 11 (Left Engine),NULL,W,Y,High Exhaust Temp Cyl 11 (Left Engine),NULL,NULL,NULL,NULL,NULL,NULL,NULL,N,NULL,1,1,0,NULL,NULL,NULL,NULL
05EAAC07-2A3D-4E72-913A-7ACA936B9455,130-17,10165,Low Power Cylinder 11,NULL,I,Y,Low Power Cylinder 11,NULL,NULL,NULL,NULL,NULL,NULL,NULL,N,NULL,1,1,0,NULL,NULL,NULL,NULL
05EAAC07-2A3D-4E72-913A-7ACA936B9455,131-3,10166,Exh Temp Ckt Failed High Cylinder 12,NULL,I,Y,Exh Temp Ckt Failed High Cylinder 12,NULL,NULL,NULL,NULL,NULL,NULL,NULL,N,NULL,1,1,0,NULL,NULL,NULL,NULL
05EAAC07-2A3D-4E72-913A-7ACA936B9455,131-4,10167,Exh Temp Ckt Failed Low Cylinder 12,NULL,I,Y,Exh Temp Ckt Failed Low Cylinder 12,NULL,NULL,NULL,NULL,NULL,NULL,NULL,N,NULL,1,1,0,NULL,NULL,NULL,NULL
05EAAC07-2A3D-4E72-913A-7ACA936B9455,131-16,10168,High Exhaust Temp Cyl 12 (Left Engine),NULL,W,Y,High Exhaust Temp Cyl 12 (Left Engine),NULL,NULL,NULL,NULL,NULL,NULL,NULL,N,NULL,1,1,0,NULL,NULL,NULL,NULL
05EAAC07-2A3D-4E72-913A-7ACA936B9455,131-17,10169,Low Power Cylinder 12,NULL,I,Y,Low Power Cylinder 12,NULL,NULL,NULL,NULL,NULL,NULL,NULL,N,NULL,1,1,0,NULL,NULL,NULL,NULL
05EAAC07-2A3D-4E72-913A-7ACA936B9455,132-3,10170,Exh Temp Ckt Failed High Cylinder 13,NULL,I,Y,Exh Temp Ckt Failed High Cylinder 13,NULL,NULL,NULL,NULL,NULL,NULL,NULL,N,NULL,1,1,0,NULL,NULL,NULL,NULL
05EAAC07-2A3D-4E72-913A-7ACA936B9455,132-4,10171,Exh Temp Ckt Failed Low Cylinder 13,NULL,I,Y,Exh Temp Ckt Failed Low Cylinder 13,NULL,NULL,NULL,NULL,NULL,NULL,NULL,N,NULL,1,1,0,NULL,NULL,NULL,NULL
05EAAC07-2A3D-4E72-913A-7ACA936B9455,132-16,10172,High Exhaust Temp Cyl 13 (Left Engine),NULL,W,Y,High Exhaust Temp Cyl 13 (Left Engine),NULL,NULL,NULL,NULL,NULL,NULL,NULL,N,NULL,1,1,0,NULL,NULL,NULL,NULL
05EAAC07-2A3D-4E72-913A-7ACA936B9455,132-17,10173,Low Power Cylinder 13,NULL,I,Y,Low Power Cylinder 13,NULL,NULL,NULL,NULL,NULL,NULL,NULL,N,NULL,1,1,0,NULL,NULL,NULL,NULL
05EAAC07-2A3D-4E72-913A-7ACA936B9455,133-3,10174,Exh Temp Ckt Failed High Cylinder 14,NULL,I,Y,Exh Temp Ckt Failed High Cylinder 14,NULL,NULL,NULL,NULL,NULL,NULL,NULL,N,NULL,1,1,0,NULL,NULL,NULL,NULL
05EAAC07-2A3D-4E72-913A-7ACA936B9455,133-4,10175,Exh Temp Ckt Failed Low Cylinder 14,NULL,I,Y,Exh Temp Ckt Failed Low Cylinder 14,NULL,NULL,NULL,NULL,NULL,NULL,NULL,N,NULL,1,1,0,NULL,NULL,NULL,NULL
05EAAC07-2A3D-4E72-913A-7ACA936B9455,133-16,10176,High Exhaust Temp Cyl 14 (Left Engine),NULL,W,Y,High Exhaust Temp Cyl 14 (Left Engine),NULL,NULL,NULL,NULL,NULL,NULL,NULL,N,NULL,1,1,0,NULL,NULL,NULL,NULL
BF397E5F-707B-4C5B-B34E-342AFDD45D05,2460-15,10202,CB303_CB304 Breaker OFF,NULL,W,Y,CB303_CB304 Breaker OFF,NULL,NULL,NULL,NULL,NULL,NULL,NULL,N,NULL,1,1,0,NULL,NULL,NULL,NULL
BF397E5F-707B-4C5B-B34E-342AFDD45D05,2461-2,10203,Connector open(DC sensor),NULL,W,Y,Connector open(DC sensor),NULL,NULL,NULL,NULL,NULL,NULL,NULL,N,NULL,1,1,0,NULL,NULL,NULL,NULL
BF397E5F-707B-4C5B-B34E-342AFDD45D05,2462-2,10204,Connector open(VIO14),NULL,W,Y,Connector open(VIO14),NULL,NULL,NULL,NULL,NULL,NULL,NULL,N,NULL,1,1,0,NULL,NULL,NULL,NULL
BF397E5F-707B-4C5B-B34E-342AFDD45D05,2463-2,10205,Connector open(VIO15),NULL,W,Y,Connector open(VIO15),NULL,NULL,NULL,NULL,NULL,NULL,NULL,N,NULL,1,1,0,NULL,NULL,NULL,NULL
BF397E5F-707B-4C5B-B34E-342AFDD45D05,2464-1,10206,Control power failure(Vcc),NULL,W,Y,Control power failure(Vcc),NULL,NULL,NULL,NULL,NULL,NULL,NULL,N,NULL,1,1,0,NULL,NULL,NULL,NULL
BF397E5F-707B-4C5B-B34E-342AFDD45D05,2465-1,10207,Control power failure(P24A),NULL,W,Y,Control power failure(P24A),NULL,NULL,NULL,NULL,NULL,NULL,NULL,N,NULL,1,1,0,NULL,NULL,NULL,NULL
BF397E5F-707B-4C5B-B34E-342AFDD45D05,2466-0,10208,INV302(Resistors Blower) Fault,NULL,W,Y,INV302(Resistors Blower) Fault,NULL,NULL,NULL,NULL,NULL,NULL,NULL,N,NULL,1,1,0,NULL,NULL,NULL,NULL
BF397E5F-707B-4C5B-B34E-342AFDD45D05,2468-15,10209,Auxiliary Power Source Earth Fault,NULL,A,Y,Auxiliary Power Source Earth Fault,NULL,NULL,NULL,NULL,NULL,NULL,NULL,N,NULL,1,1,0,NULL,NULL,NULL,NULL
BF397E5F-707B-4C5B-B34E-342AFDD45D05,2469-17,10210,DC Current Sensor Fault (P or N),NULL,W,Y,DC Current Sensor Fault (P or N),NULL,NULL,NULL,NULL,NULL,NULL,NULL,N,NULL,1,1,0,NULL,NULL,NULL,NULL
BF397E5F-707B-4C5B-B34E-342AFDD45D05,2473-0,10211,Main Field Regulator Overload,NULL,A,Y,Main Field Regulator Overload,NULL,NULL,NULL,NULL,NULL,NULL,NULL,N,NULL,1,1,0,NULL,NULL,NULL,NULL
BF397E5F-707B-4C5B-B34E-342AFDD45D05,2474-0,10212,REC Fault,NULL,A,Y,REC Fault,NULL,NULL,NULL,NULL,NULL,NULL,NULL,N,NULL,1,1,0,NULL,NULL,NULL,NULL
BF397E5F-707B-4C5B-B34E-342AFDD45D05,2498-15,10213,Motor R Speed FB open or Drive Limit,NULL,W,Y,Motor R Speed FB open or Drive Limit,NULL,NULL,NULL,NULL,NULL,NULL,NULL,N,NULL,1,1,0,NULL,NULL,NULL,NULL
BF397E5F-707B-4C5B-B34E-342AFDD45D05,2499-15,10214,Motor L Speed FB open or Drive Limit,NULL,W,Y,Motor L Speed FB open or Drive Limit,NULL,NULL,NULL,NULL,NULL,NULL,NULL,N,NULL,1,1,0,NULL,NULL,NULL,NULL
BF397E5F-707B-4C5B-B34E-342AFDD45D05,2502-0,10215,Offset error (CPU2),NULL,W,Y,Offset error (CPU2),NULL,NULL,NULL,NULL,NULL,NULL,NULL,N,NULL,1,1,0,NULL,NULL,NULL,NULL
BF397E5F-707B-4C5B-B34E-342AFDD45D05,2503-0,10216,Offset error (CPU3),NULL,W,Y,Offset error (CPU3),NULL,NULL,NULL,NULL,NULL,NULL,NULL,N,NULL,1,1,0,NULL,NULL,NULL,NULL
BF397E5F-707B-4C5B-B34E-342AFDD45D05,2504-0,10217,Offset error (CPU4),NULL,W,Y,Offset error (CPU4),NULL,NULL,NULL,NULL,NULL,NULL,NULL,N,NULL,1,1,0,NULL,NULL,NULL,NULL
BF397E5F-707B-4C5B-B34E-342AFDD45D05,2511-0,10218,Control power over voltage(P24A),NULL,W,Y,Control power over voltage(P24A),NULL,NULL,NULL,NULL,NULL,NULL,NULL,N,NULL,1,1,0,NULL,NULL,NULL,NULL
BF397E5F-707B-4C5B-B34E-342AFDD45D05,2512-1,10219,Control power failure(P24C),NULL,W,Y,Control power failure(P24C),NULL,NULL,NULL,NULL,NULL,NULL,NULL,N,NULL,1,1,0,NULL,NULL,NULL,NULL
BF397E5F-707B-4C5B-B34E-342AFDD45D05,2513-1,10220,Control power failure(P12C_N12C),NULL,W,Y,Control power failure(P12C_N12C),NULL,NULL,NULL,NULL,NULL,NULL,NULL,N,NULL,1,1,0,NULL,NULL,NULL,NULL
BF397E5F-707B-4C5B-B34E-342AFDD45D05,2514-1,10221,Control power failure(P12B_N12B),NULL,W,Y,Control power failure(P12B_N12B),NULL,NULL,NULL,NULL,NULL,NULL,NULL,N,NULL,1,1,0,NULL,NULL,NULL,NULL
BF397E5F-707B-4C5B-B34E-342AFDD45D05,2517-1,10222,Drive power failure(INV-R),NULL,W,Y,Drive power failure(INV-R),NULL,NULL,NULL,NULL,NULL,NULL,NULL,N,NULL,1,1,0,NULL,NULL,NULL,NULL
BF397E5F-707B-4C5B-B34E-342AFDD45D05,2518-1,10223,Drive power failure(INV-L),NULL,W,Y,Drive power failure(INV-L),NULL,NULL,NULL,NULL,NULL,NULL,NULL,N,NULL,1,1,0,NULL,NULL,NULL,NULL
BF397E5F-707B-4C5B-B34E-342AFDD45D05,2520-1,10224,CTT302 Closing Fault,NULL,W,Y,CTT302 Closing Fault,NULL,NULL,NULL,NULL,NULL,NULL,NULL,N,NULL,1,1,0,NULL,NULL,NULL,NULL
BF397E5F-707B-4C5B-B34E-342AFDD45D05,2521-12,10225,CPU1 Execution Fault,NULL,W,Y,CPU1 Execution Fault,NULL,NULL,NULL,NULL,NULL,NULL,NULL,N,NULL,1,1,0,NULL,NULL,NULL,NULL
BF397E5F-707B-4C5B-B34E-342AFDD45D05,2522-12,10226,CPU2 Execution Fault,NULL,A,Y,CPU2 Execution Fault,NULL,NULL,NULL,NULL,NULL,NULL,NULL,N,NULL,1,1,0,NULL,NULL,NULL,NULL
BF397E5F-707B-4C5B-B34E-342AFDD45D05,2523-12,10227,CPU3 Execution Fault,NULL,A,Y,CPU3 Execution Fault,NULL,NULL,NULL,NULL,NULL,NULL,NULL,N,NULL,1,1,0,NULL,NULL,NULL,NULL
BF397E5F-707B-4C5B-B34E-342AFDD45D05,2524-12,10228,CPU4 Execution Fault,NULL,A,Y,CPU4 Execution Fault,NULL,NULL,NULL,NULL,NULL,NULL,NULL,N,NULL,1,1,0,NULL,NULL,NULL,NULL
BF397E5F-707B-4C5B-B34E-342AFDD45D05,2525-12,10229,VDC07 Execution Fault,NULL,W,Y,VDC07 Execution Fault,NULL,NULL,NULL,NULL,NULL,NULL,NULL,N,NULL,1,1,0,NULL,NULL,NULL,NULL
BF397E5F-707B-4C5B-B34E-342AFDD45D05,3439-12,10230,Parameter Error,NULL,W,Y,Parameter Error,NULL,NULL,NULL,NULL,NULL,NULL,NULL,N,NULL,1,1,0,NULL,NULL,NULL,NULL
BF397E5F-707B-4C5B-B34E-342AFDD45D05,3440-12,10231,Parameter Incomplete,NULL,A,Y,Parameter Incomplete,NULL,NULL,NULL,NULL,NULL,NULL,NULL,N,NULL,1,1,0,NULL,NULL,NULL,NULL
BF397E5F-707B-4C5B-B34E-342AFDD45D05,3511-9,10232,CCU Response Fault (CCU <=> DSC),NULL,W,Y,CCU Response Fault (CCU <=> DSC),NULL,NULL,NULL,NULL,NULL,NULL,NULL,N,NULL,1,1,0,NULL,NULL,NULL,NULL
BF397E5F-707B-4C5B-B34E-342AFDD45D05,3512-15,10233,Drive Shut Down,NULL,I,Y,Drive Shut Down,NULL,NULL,NULL,NULL,NULL,NULL,NULL,N,NULL,1,1,0,NULL,NULL,NULL,NULL
BF397E5F-707B-4C5B-B34E-342AFDD45D05,3513-15,10234,Single Drive Mode (R),NULL,I,Y,Single Drive Mode (R),NULL,NULL,NULL,NULL,NULL,NULL,NULL,N,NULL,1,1,0,NULL,NULL,NULL,NULL
BF397E5F-707B-4C5B-B34E-342AFDD45D05,3513-17,10235,Single Drive Mode (L),NULL,I,Y,Single Drive Mode (L),NULL,NULL,NULL,NULL,NULL,NULL,NULL,N,NULL,1,1,0,NULL,NULL,NULL,NULL
BF397E5F-707B-4C5B-B34E-342AFDD45D05,3514-2,10236,Engine Speed Sensor Error (DSC),NULL,W,Y,Engine Speed Sensor Error (DSC),NULL,NULL,NULL,NULL,NULL,NULL,NULL,N,NULL,1,1,0,NULL,NULL,NULL,NULL
BF397E5F-707B-4C5B-B34E-342AFDD45D05,3515-15,10237,Keep Idle,NULL,I,Y,Keep Idle,NULL,NULL,NULL,NULL,NULL,NULL,NULL,N,NULL,1,1,0,NULL,NULL,NULL,NULL
BF397E5F-707B-4C5B-B34E-342AFDD45D05,3517-0,10238,AC drive system maintenance required,NULL,I,Y,AC drive system maintenance required,NULL,NULL,NULL,NULL,NULL,NULL,NULL,N,NULL,1,1,0,NULL,NULL,NULL,NULL
BF397E5F-707B-4C5B-B34E-342AFDD45D05,3518-1,10239,AC drive maintenance SW,NULL,I,Y,AC drive maintenance SW,NULL,NULL,NULL,NULL,NULL,NULL,NULL,N,NULL,1,1,0,NULL,NULL,NULL,NULL
BF397E5F-707B-4C5B-B34E-342AFDD45D05,3531-0,10240,Connector open(HDM60),NULL,A,Y,Connector open(HDM60),NULL,NULL,NULL,NULL,NULL,NULL,NULL,N,NULL,1,1,0,NULL,NULL,NULL,NULL
BF397E5F-707B-4C5B-B34E-342AFDD45D05,3532-0,10241,Control power failure(HDM60),NULL,A,Y,Control power failure(HDM60),NULL,NULL,NULL,NULL,NULL,NULL,NULL,N,NULL,1,1,0,NULL,NULL,NULL,NULL
BF397E5F-707B-4C5B-B34E-342AFDD45D05,4400-12,10242,Autolubrication system error,NULL,W,Y,Autolubrication system error,NULL,NULL,NULL,NULL,NULL,NULL,NULL,N,NULL,1,1,0,NULL,NULL,NULL,NULL
BF397E5F-707B-4C5B-B34E-342AFDD45D05,4401-18,10243,Hydraulic oil level low,NULL,A,Y,Hydraulic oil level low,NULL,NULL,NULL,NULL,NULL,NULL,NULL,N,NULL,1,1,0,NULL,NULL,NULL,NULL
BF397E5F-707B-4C5B-B34E-342AFDD45D05,5405-0,10244,Trolley Mode Switching Fault,NULL,A,Y,Trolley Mode Switching Fault,NULL,NULL,NULL,NULL,NULL,NULL,NULL,N,NULL,1,1,0,NULL,NULL,NULL,NULL
BF397E5F-707B-4C5B-B34E-342AFDD45D05,5405-1,10245,Diesel Mode Switching Fault,NULL,A,Y,Diesel Mode Switching Fault,NULL,NULL,NULL,NULL,NULL,NULL,NULL,N,NULL,1,1,0,NULL,NULL,NULL,NULL
BF397E5F-707B-4C5B-B34E-342AFDD45D05,5405-2,10246,Trolley System Maintenance Required,NULL,A,Y,Trolley System Maintenance Required,NULL,NULL,NULL,NULL,NULL,NULL,NULL,N,NULL,1,1,0,NULL,NULL,NULL,NULL
BF397E5F-707B-4C5B-B34E-342AFDD45D05,5405-3,10247,Trolley Vehicle Speed Lower Limit,NULL,I,Y,Trolley Vehicle Speed Lower Limit,NULL,NULL,NULL,NULL,NULL,NULL,NULL,N,NULL,1,1,0,NULL,NULL,NULL,NULL
BF397E5F-707B-4C5B-B34E-342AFDD45D05,5406-0,10248,CB401 Closing Fault,NULL,A,Y,CB401 Closing Fault,NULL,NULL,NULL,NULL,NULL,NULL,NULL,N,NULL,1,1,0,NULL,NULL,NULL,NULL
BF397E5F-707B-4C5B-B34E-342AFDD45D05,5406-1,10249,CB401 Opening Fault,NULL,A,Y,CB401 Opening Fault,NULL,NULL,NULL,NULL,NULL,NULL,NULL,N,NULL,1,1,0,NULL,NULL,NULL,NULL
BF397E5F-707B-4C5B-B34E-342AFDD45D05,5406-2,10250,CB401 Drive Circuit Closing Fault,NULL,A,Y,CB401 Drive Circuit Closing Fault,NULL,NULL,NULL,NULL,NULL,NULL,NULL,N,NULL,1,1,0,NULL,NULL,NULL,NULL
BF397E5F-707B-4C5B-B34E-342AFDD45D05,5406-3,10251,CB401 Drive Circuit Opening Fault,NULL,A,Y,CB401 Drive Circuit Opening Fault,NULL,NULL,NULL,NULL,NULL,NULL,NULL,N,NULL,1,1,0,NULL,NULL,NULL,NULL
BF397E5F-707B-4C5B-B34E-342AFDD45D05,5407-0,10252,CTT401 or CTT402 Fault,NULL,A,Y,CTT401 or CTT402 Fault,NULL,NULL,NULL,NULL,NULL,NULL,NULL,N,NULL,1,1,0,NULL,NULL,NULL,NULL
BF397E5F-707B-4C5B-B34E-342AFDD45D05,5409-0,10253,CTT502 Fault,NULL,A,Y,CTT502 Fault,NULL,NULL,NULL,NULL,NULL,NULL,NULL,N,NULL,1,1,0,NULL,NULL,NULL,NULL
BF397E5F-707B-4C5B-B34E-342AFDD45D05,5412-0,10254,Trolley Inhibit Request,NULL,I,Y,Trolley Inhibit Request,NULL,NULL,NULL,NULL,NULL,NULL,NULL,N,NULL,1,1,0,NULL,NULL,NULL,NULL
BF397E5F-707B-4C5B-B34E-342AFDD45D05,5412-1,10255,Trolley SW ON When Body Up,NULL,A,Y,Trolley SW ON When Body Up,NULL,NULL,NULL,NULL,NULL,NULL,NULL,N,NULL,1,1,0,NULL,NULL,NULL,NULL
BF397E5F-707B-4C5B-B34E-342AFDD45D05,5412-5,10256,Trolley Retard Pedal ON,NULL,I,Y,Trolley Retard Pedal ON,NULL,NULL,NULL,NULL,NULL,NULL,NULL,N,NULL,1,1,0,NULL,NULL,NULL,NULL
BF397E5F-707B-4C5B-B34E-342AFDD45D05,5413-0,10257,Pantograph Up Fault,NULL,A,Y,Pantograph Up Fault,NULL,NULL,NULL,NULL,NULL,NULL,NULL,N,NULL,1,1,0,NULL,NULL,NULL,NULL
BF397E5F-707B-4C5B-B34E-342AFDD45D05,5413-1,10258,Pantograph Down Fault 1,NULL,A,Y,Pantograph Down Fault 1,NULL,NULL,NULL,NULL,NULL,NULL,NULL,N,NULL,1,1,0,NULL,NULL,NULL,NULL
BF397E5F-707B-4C5B-B34E-342AFDD45D05,5414-0,10259,Pantograph Down Fault 2,NULL,I,Y,Pantograph Down Fault 2,NULL,NULL,NULL,NULL,NULL,NULL,NULL,N,NULL,1,1,0,NULL,NULL,NULL,NULL
BF397E5F-707B-4C5B-B34E-342AFDD45D05,5417-0,10260,Pantograph Lock Fault,NULL,A,Y,Pantograph Lock Fault,NULL,NULL,NULL,NULL,NULL,NULL,NULL,N,NULL,1,1,0,NULL,NULL,NULL,NULL
BF397E5F-707B-4C5B-B34E-342AFDD45D05,5418-0,10261,Trolley Heater Circuit Closing Fault,NULL,A,Y,Trolley Heater Circuit Closing Fault,NULL,NULL,NULL,NULL,NULL,NULL,NULL,N,NULL,1,1,0,NULL,NULL,NULL,NULL
BF397E5F-707B-4C5B-B34E-342AFDD45D05,5418-1,10262,Trolley Heater Circuit Opening Fault,NULL,A,Y,Trolley Heater Circuit Opening Fault,NULL,NULL,NULL,NULL,NULL,NULL,NULL,N,NULL,1,1,0,NULL,NULL,NULL,NULL
BF397E5F-707B-4C5B-B34E-342AFDD45D05,5418-2,10263,Trolley Heater Fault,NULL,A,Y,Trolley Heater Fault,NULL,NULL,NULL,NULL,NULL,NULL,NULL,N,NULL,1,1,0,NULL,NULL,NULL,NULL
BF397E5F-707B-4C5B-B34E-342AFDD45D05,5418-15,10264,Trolley Box Temperature Sensor Fault,NULL,A,Y,Trolley Box Temperature Sensor Fault,NULL,NULL,NULL,NULL,NULL,NULL,NULL,N,NULL,1,1,0,NULL,NULL,NULL,NULL
BF397E5F-707B-4C5B-B34E-342AFDD45D05,5418-16,10265,Trolley Box Temperature Fault,NULL,A,Y,Trolley Box Temperature Fault,NULL,NULL,NULL,NULL,NULL,NULL,NULL,N,NULL,1,1,0,NULL,NULL,NULL,NULL
BF397E5F-707B-4C5B-B34E-342AFDD45D05,5419-15,10266,Trolley Reactor Temperature Sensor Fault,NULL,A,Y,Trolley Reactor Temperature Sensor Fault,NULL,NULL,NULL,NULL,NULL,NULL,NULL,N,NULL,1,1,0,NULL,NULL,NULL,NULL
BF397E5F-707B-4C5B-B34E-342AFDD45D05,5419-17,10267,Trolley Reactor Temperature Fault 1,NULL,A,Y,Trolley Reactor Temperature Fault 1,NULL,NULL,NULL,NULL,NULL,NULL,NULL,N,NULL,1,1,0,NULL,NULL,NULL,NULL
BF397E5F-707B-4C5B-B34E-342AFDD45D05,5419-16,10268,Trolley Reactor Temperature Fault 2,NULL,A,Y,Trolley Reactor Temperature Fault 2,NULL,NULL,NULL,NULL,NULL,NULL,NULL,N,NULL,1,1,0,NULL,NULL,NULL,NULL
BF397E5F-707B-4C5B-B34E-342AFDD45D05,5421-0,10269,Trolley Overvoltage,NULL,A,Y,Trolley Overvoltage,NULL,NULL,NULL,NULL,NULL,NULL,NULL,N,NULL,1,1,0,NULL,NULL,NULL,NULL
BF397E5F-707B-4C5B-B34E-342AFDD45D05,5421-15,10270,Trolley Undervoltage 1,NULL,A,Y,Trolley Undervoltage 1,NULL,NULL,NULL,NULL,NULL,NULL,NULL,N,NULL,1,1,0,NULL,NULL,NULL,NULL
BF397E5F-707B-4C5B-B34E-342AFDD45D05,5421-1,10271,Trolley Undervoltage 2,NULL,A,Y,Trolley Undervoltage 2,NULL,NULL,NULL,NULL,NULL,NULL,NULL,N,NULL,1,1,0,NULL,NULL,NULL,NULL
BF397E5F-707B-4C5B-B34E-342AFDD45D05,5421-17,10272,Trolley High Voltage,NULL,A,Y,Trolley High Voltage,NULL,NULL,NULL,NULL,NULL,NULL,NULL,N,NULL,1,1,0,NULL,NULL,NULL,NULL
BF397E5F-707B-4C5B-B34E-342AFDD45D05,5422-16,10273,Trolley Current Sensor Fault,NULL,A,Y,Trolley Current Sensor Fault,NULL,NULL,NULL,NULL,NULL,NULL,NULL,N,NULL,1,1,0,NULL,NULL,NULL,NULL
BF397E5F-707B-4C5B-B34E-342AFDD45D05,5422-0,10274,Trolley Reactor Overload,NULL,A,Y,Trolley Reactor Overload,NULL,NULL,NULL,NULL,NULL,NULL,NULL,N,NULL,1,1,0,NULL,NULL,NULL,NULL
BF397E5F-707B-4C5B-B34E-342AFDD45D05,7401-7,10275,Valve close,NULL,I,Y,Valve close,NULL,NULL,NULL,NULL,NULL,NULL,NULL,N,NULL,1,1,0,NULL,NULL,NULL,NULL
BF397E5F-707B-4C5B-B34E-342AFDD45D05,10400-2,10276,Steer pressure sensor error,NULL,A,Y,Steer pressure sensor error,NULL,NULL,NULL,NULL,NULL,NULL,NULL,N,NULL,1,1,0,NULL,NULL,NULL,NULL
BF397E5F-707B-4C5B-B34E-342AFDD45D05,10400-18,10277,Steer pressure low,NULL,A,Y,Steer pressure low,NULL,NULL,NULL,NULL,NULL,NULL,NULL,N,NULL,1,1,0,NULL,NULL,NULL,NULL
BF397E5F-707B-4C5B-B34E-342AFDD45D05,10401-2,10278,Hydraulic oil temperature sensor error,NULL,I,Y,Hydraulic oil temperature sensor error,NULL,NULL,NULL,NULL,NULL,NULL,NULL,N,NULL,1,1,0,NULL,NULL,NULL,NULL
BF397E5F-707B-4C5B-B34E-342AFDD45D05,10401-16,10279,Hydraulic oil temperature high,NULL,W,Y,Hydraulic oil temperature high,NULL,NULL,NULL,NULL,NULL,NULL,NULL,N,NULL,1,1,0,NULL,NULL,NULL,NULL
BF397E5F-707B-4C5B-B34E-342AFDD45D05,11401-2,10280,Hoist lever error,NULL,I,Y,Hoist lever error,NULL,NULL,NULL,NULL,NULL,NULL,NULL,N,NULL,1,1,0,NULL,NULL,NULL,NULL
BF397E5F-707B-4C5B-B34E-342AFDD45D05,13400-2,10281,Reduction gear (L) pressure sensor error,NULL,I,Y,Reduction gear (L) pressure sensor error,NULL,NULL,NULL,NULL,NULL,NULL,NULL,N,NULL,1,1,0,NULL,NULL,NULL,NULL
BF397E5F-707B-4C5B-B34E-342AFDD45D05,13400-18,10282,Reduction gear (L) pressure low,NULL,A,Y,Reduction gear (L) pressure low,NULL,NULL,NULL,NULL,NULL,NULL,NULL,N,NULL,1,1,0,NULL,NULL,NULL,NULL
BF397E5F-707B-4C5B-B34E-342AFDD45D05,13401-2,10283,Reduction gear (R) pressure sensor error,NULL,I,Y,Reduction gear (R) pressure sensor error,NULL,NULL,NULL,NULL,NULL,NULL,NULL,N,NULL,1,1,0,NULL,NULL,NULL,NULL
BF397E5F-707B-4C5B-B34E-342AFDD45D05,13401-18,10284,Reduction gear (R) pressure low,NULL,A,Y,Reduction gear (R) pressure low,NULL,NULL,NULL,NULL,NULL,NULL,NULL,N,NULL,1,1,0,NULL,NULL,NULL,NULL
BF397E5F-707B-4C5B-B34E-342AFDD45D05,13402-2,10285,Reduction gear (L) TEMP sensor error,NULL,I,Y,Reduction gear (L) TEMP sensor error,NULL,NULL,NULL,NULL,NULL,NULL,NULL,N,NULL,1,1,0,NULL,NULL,NULL,NULL
BF397E5F-707B-4C5B-B34E-342AFDD45D05,13402-16,10286,Reduction gear (L) temperature high,NULL,A,Y,Reduction gear (L) temperature high,NULL,NULL,NULL,NULL,NULL,NULL,NULL,N,NULL,1,1,0,NULL,NULL,NULL,NULL
BF397E5F-707B-4C5B-B34E-342AFDD45D05,13403-2,10287,Reduction gear (R) TEMP sensor error,NULL,I,Y,Reduction gear (R) TEMP sensor error,NULL,NULL,NULL,NULL,NULL,NULL,NULL,N,NULL,1,1,0,NULL,NULL,NULL,NULL
BF397E5F-707B-4C5B-B34E-342AFDD45D05,13403-16,10288,Reduction gear (R) temperature high,NULL,A,Y,Reduction gear (R) temperature high,NULL,NULL,NULL,NULL,NULL,NULL,NULL,N,NULL,1,1,0,NULL,NULL,NULL,NULL
BF397E5F-707B-4C5B-B34E-342AFDD45D05,13404-16,10289,Reduction gear (L) oil level high,NULL,A,Y,Reduction gear (L) oil level high,NULL,NULL,NULL,NULL,NULL,NULL,NULL,N,NULL,1,1,0,NULL,NULL,NULL,NULL
BF397E5F-707B-4C5B-B34E-342AFDD45D05,13405-16,10290,Reduction gear (R) oil level high,NULL,A,Y,Reduction gear (R) oil level high,NULL,NULL,NULL,NULL,NULL,NULL,NULL,N,NULL,1,1,0,NULL,NULL,NULL,NULL
BF397E5F-707B-4C5B-B34E-342AFDD45D05,13406-16,10291,Reduction Gear Pump Temp High,NULL,A,Y,Reduction Gear Pump Temp High,NULL,NULL,NULL,NULL,NULL,NULL,NULL,N,NULL,1,1,0,NULL,NULL,NULL,NULL
BF397E5F-707B-4C5B-B34E-342AFDD45D05,13407-16,10292,Reduction Gear Pump Press High,NULL,W,Y,Reduction Gear Pump Press High,NULL,NULL,NULL,NULL,NULL,NULL,NULL,N,NULL,1,1,0,NULL,NULL,NULL,NULL
BF397E5F-707B-4C5B-B34E-342AFDD45D05,13407-18,10293,Reduction Gear Pump Press Low,NULL,A,Y,Reduction Gear Pump Press Low,NULL,NULL,NULL,NULL,NULL,NULL,NULL,N,NULL,1,1,0,NULL,NULL,NULL,NULL
BF397E5F-707B-4C5B-B34E-342AFDD45D05,13408-2,10294,Reduction Gear Level or Pump Fault,NULL,A,Y,Reduction Gear Level or Pump Fault,NULL,NULL,NULL,NULL,NULL,NULL,NULL,N,NULL,1,1,0,NULL,NULL,NULL,NULL
BF397E5F-707B-4C5B-B34E-342AFDD45D05,13409-2,10295,Reduction Gear Pump Inverter Error,NULL,A,Y,Reduction Gear Pump Inverter Error,NULL,NULL,NULL,NULL,NULL,NULL,NULL,N,NULL,1,1,0,NULL,NULL,NULL,NULL
BF397E5F-707B-4C5B-B34E-342AFDD45D05,14404-7,10296,Emergency Switch,NULL,I,Y,Emergency Switch,NULL,NULL,NULL,NULL,NULL,NULL,NULL,N,NULL,1,1,0,NULL,NULL,NULL,NULL
BF397E5F-707B-4C5B-B34E-342AFDD45D05,15400-16,10297,Alternator voltage high,NULL,I,Y,Alternator voltage high,NULL,NULL,NULL,NULL,NULL,NULL,NULL,N,NULL,1,1,0,NULL,NULL,NULL,NULL
BF397E5F-707B-4C5B-B34E-342AFDD45D05,15400-18,10298,Alternator voltage low,NULL,W,Y,Alternator voltage low,NULL,NULL,NULL,NULL,NULL,NULL,NULL,N,NULL,1,1,0,NULL,NULL,NULL,NULL
BF397E5F-707B-4C5B-B34E-342AFDD45D05,15423-31,10299,Trolley SW,NULL,I,Y,Trolley SW,NULL,NULL,NULL,NULL,NULL,NULL,NULL,N,NULL,1,1,0,NULL,NULL,NULL,NULL
BF397E5F-707B-4C5B-B34E-342AFDD45D05,16400-2,10300,Parking brake error,NULL,W,Y,Parking brake error,NULL,NULL,NULL,NULL,NULL,NULL,NULL,N,NULL,1,1,0,NULL,NULL,NULL,NULL
BF397E5F-707B-4C5B-B34E-342AFDD45D05,16400-7,10301,Parking brake on !,NULL,I,Y,Parking brake on !,NULL,NULL,NULL,NULL,NULL,NULL,NULL,N,NULL,1,1,0,NULL,NULL,NULL,NULL
BF397E5F-707B-4C5B-B34E-342AFDD45D05,16402-2,10302,Incline pitch sensor error,NULL,I,Y,Incline pitch sensor error,NULL,NULL,NULL,NULL,NULL,NULL,NULL,N,NULL,1,1,0,NULL,NULL,NULL,NULL
BF397E5F-707B-4C5B-B34E-342AFDD45D05,16403-2,10303,Incline roll sensor error,NULL,I,Y,Incline roll sensor error,NULL,NULL,NULL,NULL,NULL,NULL,NULL,N,NULL,1,1,0,NULL,NULL,NULL,NULL
BF397E5F-707B-4C5B-B34E-342AFDD45D05,16404-2,10304,Service brake (F) pressure sensor error,NULL,A,Y,Service brake (F) pressure sensor error,NULL,NULL,NULL,NULL,NULL,NULL,NULL,N,NULL,1,1,0,NULL,NULL,NULL,NULL
BF397E5F-707B-4C5B-B34E-342AFDD45D05,16405-2,10305,Service brake (R) pressure sensor error,NULL,A,Y,Service brake (R) pressure sensor error,NULL,NULL,NULL,NULL,NULL,NULL,NULL,N,NULL,1,1,0,NULL,NULL,NULL,NULL
BF397E5F-707B-4C5B-B34E-342AFDD45D05,16405-16,10306,Service brake (R) pressure high,NULL,A,Y,Service brake (R) pressure high,NULL,NULL,NULL,NULL,NULL,NULL,NULL,N,NULL,1,1,0,NULL,NULL,NULL,NULL
BF397E5F-707B-4C5B-B34E-342AFDD45D05,16405-18,10307,Service brake (R) pressure low,NULL,A,Y,Service brake (R) pressure low,NULL,NULL,NULL,NULL,NULL,NULL,NULL,N,NULL,1,1,0,NULL,NULL,NULL,NULL
BF397E5F-707B-4C5B-B34E-342AFDD45D05,16422-2,10308,Brake Cooling Oil Temp sensor error,NULL,I,Y,Brake Cooling Oil Temp sensor error,NULL,NULL,NULL,NULL,NULL,NULL,NULL,N,NULL,1,1,0,NULL,NULL,NULL,NULL
BF397E5F-707B-4C5B-B34E-342AFDD45D05,16422-16,10309,Brake Cooling Oil Temp High,NULL,W,Y,Brake Cooling Oil Temp High,NULL,NULL,NULL,NULL,NULL,NULL,NULL,N,NULL,1,1,0,NULL,NULL,NULL,NULL
BF397E5F-707B-4C5B-B34E-342AFDD45D05,16423-16,10310,Brake Cooling Oil Level High,NULL,W,Y,Brake Cooling Oil Level High,NULL,NULL,NULL,NULL,NULL,NULL,NULL,N,NULL,1,1,0,NULL,NULL,NULL,NULL
BF397E5F-707B-4C5B-B34E-342AFDD45D05,16423-18,10311,Brake Cooling Oil Level Low,NULL,A,Y,Brake Cooling Oil Level Low,NULL,NULL,NULL,NULL,NULL,NULL,NULL,N,NULL,1,1,0,NULL,NULL,NULL,NULL
BF397E5F-707B-4C5B-B34E-342AFDD45D05,16424-2,10312,Brake Cooling Oil Press senor error,NULL,I,Y,Brake Cooling Oil Press senor error,NULL,NULL,NULL,NULL,NULL,NULL,NULL,N,NULL,1,1,0,NULL,NULL,NULL,NULL
BF397E5F-707B-4C5B-B34E-342AFDD45D05,16424-18,10313,Brake Cooling Oil Press Low,NULL,A,Y,Brake Cooling Oil Press Low,NULL,NULL,NULL,NULL,NULL,NULL,NULL,N,NULL,1,1,0,NULL,NULL,NULL,NULL
BF397E5F-707B-4C5B-B34E-342AFDD45D05,16425-2,10314,Park Brake Release Oil Press sensor error,NULL,W,Y,Park Brake Release Oil Press sensor error,NULL,NULL,NULL,NULL,NULL,NULL,NULL,N,NULL,1,1,0,NULL,NULL,NULL,NULL
BF397E5F-707B-4C5B-B34E-342AFDD45D05,16426-16,10315,Brake Supply Pressure Abnormal high,NULL,W,Y,Brake Supply Pressure Abnormal high,NULL,NULL,NULL,NULL,NULL,NULL,NULL,N,NULL,1,1,0,NULL,NULL,NULL,NULL
BF397E5F-707B-4C5B-B34E-342AFDD45D05,18412-2,10316,Body Angle sensor error,NULL,I,Y,Body Angle sensor error,NULL,NULL,NULL,NULL,NULL,NULL,NULL,N,NULL,1,1,0,NULL,NULL,NULL,NULL
BF397E5F-707B-4C5B-B34E-342AFDD45D05,19400-12,10317,Payload System error,NULL,W,Y,Payload System error,NULL,NULL,NULL,NULL,NULL,NULL,NULL,N,NULL,1,1,0,NULL,NULL,NULL,NULL
BF397E5F-707B-4C5B-B34E-342AFDD45D05,19411-2,10318,Strut (LF) pressure sensor error,NULL,I,Y,Strut (LF) pressure sensor error,NULL,NULL,NULL,NULL,NULL,NULL,NULL,N,NULL,1,1,0,NULL,NULL,NULL,NULL
BF397E5F-707B-4C5B-B34E-342AFDD45D05,19412-2,10319,Strut (RF) pressure sensor error,NULL,I,Y,Strut (RF) pressure sensor error,NULL,NULL,NULL,NULL,NULL,NULL,NULL,N,NULL,1,1,0,NULL,NULL,NULL,NULL
BF397E5F-707B-4C5B-B34E-342AFDD45D05,19413-2,10320,Strut (LR) pressure sensor error,NULL,I,Y,Strut (LR) pressure sensor error,NULL,NULL,NULL,NULL,NULL,NULL,NULL,N,NULL,1,1,0,NULL,NULL,NULL,NULL
BF397E5F-707B-4C5B-B34E-342AFDD45D05,19414-2,10321,Strut (RR) pressure sensor error,NULL,I,Y,Strut (RR) pressure sensor error,NULL,NULL,NULL,NULL,NULL,NULL,NULL,N,NULL,1,1,0,NULL,NULL,NULL,NULL
BF397E5F-707B-4C5B-B34E-342AFDD45D05,20400-9,10322,Engine link error (ECM<=>CCU),NULL,W,Y,Engine link error (ECM<=>CCU),NULL,NULL,NULL,NULL,NULL,NULL,NULL,N,NULL,1,1,0,NULL,NULL,NULL,NULL
BF397E5F-707B-4C5B-B34E-342AFDD45D05,20401-9,10323,Engine link error (ECM<=>DLU),NULL,W,Y,Engine link error (ECM<=>DLU),NULL,NULL,NULL,NULL,NULL,NULL,NULL,N,NULL,1,1,0,NULL,NULL,NULL,NULL
BF397E5F-707B-4C5B-B34E-342AFDD45D05,20402-9,10324,DSC link error (DSC <=> CCU),NULL,W,Y,DSC link error (DSC <=> CCU),NULL,NULL,NULL,NULL,NULL,NULL,NULL,N,NULL,1,1,0,NULL,NULL,NULL,NULL
BF397E5F-707B-4C5B-B34E-342AFDD45D05,20403-9,10325,DSC link error (DSC <=> DLU),NULL,W,Y,DSC link error (DSC <=> DLU),NULL,NULL,NULL,NULL,NULL,NULL,NULL,N,NULL,1,1,0,NULL,NULL,NULL,NULL
BF397E5F-707B-4C5B-B34E-342AFDD45D05,21811-3,10326,Sensor Supply 1 Ckt Failed High (Parent),NULL,W,Y,Sensor Supply 1 Ckt Failed High (Parent),NULL,NULL,NULL,NULL,NULL,NULL,NULL,N,NULL,1,1,0,NULL,NULL,NULL,NULL
BF397E5F-707B-4C5B-B34E-342AFDD45D05,21811-4,10327,Sensor Supply 1 Ckt Failed Low (Parent),NULL,W,Y,Sensor Supply 1 Ckt Failed Low (Parent),NULL,NULL,NULL,NULL,NULL,NULL,NULL,N,NULL,1,1,0,NULL,NULL,NULL,NULL
BF397E5F-707B-4C5B-B34E-342AFDD45D05,21812-3,10328,Sensor Supply 2 Ckt Failed High (Parent),NULL,W,Y,Sensor Supply 2 Ckt Failed High (Parent),NULL,NULL,NULL,NULL,NULL,NULL,NULL,N,NULL,1,1,0,NULL,NULL,NULL,NULL
BF397E5F-707B-4C5B-B34E-342AFDD45D05,21812-4,10329,Sensor Supply 2 Ckt Failed Low (Parent),NULL,W,Y,Sensor Supply 2 Ckt Failed Low (Parent),NULL,NULL,NULL,NULL,NULL,NULL,NULL,N,NULL,1,1,0,NULL,NULL,NULL,NULL
BF397E5F-707B-4C5B-B34E-342AFDD45D05,21813-4,10330,Sensor Supply 3 Ckt Failed Low (Parent),NULL,W,Y,Sensor Supply 3 Ckt Failed Low (Parent),NULL,NULL,NULL,NULL,NULL,NULL,NULL,N,NULL,1,1,0,NULL,NULL,NULL,NULL
BF397E5F-707B-4C5B-B34E-342AFDD45D05,21817-16,10331,High Battery Voltage (Parent),NULL,W,Y,High Battery Voltage (Parent),NULL,NULL,NULL,NULL,NULL,NULL,NULL,N,NULL,1,1,0,NULL,NULL,NULL,NULL
BF397E5F-707B-4C5B-B34E-342AFDD45D05,21817-18,10332,Low Battery Voltage (Parent),NULL,W,Y,Low Battery Voltage (Parent),NULL,NULL,NULL,NULL,NULL,NULL,NULL,N,NULL,1,1,0,NULL,NULL,NULL,NULL
BF397E5F-707B-4C5B-B34E-342AFDD45D05,21820-3,10333,Sensor Supply 4 Ckt Above Normal (Parent),NULL,W,Y,Sensor Supply 4 Ckt Above Normal (Parent),NULL,NULL,NULL,NULL,NULL,NULL,NULL,N,NULL,1,1,0,NULL,NULL,NULL,NULL
BF397E5F-707B-4C5B-B34E-342AFDD45D05,21820-4,10334,Sensor Supply 4 Ckt Below Normal (Parent),NULL,W,Y,Sensor Supply 4 Ckt Below Normal (Parent),NULL,NULL,NULL,NULL,NULL,NULL,NULL,N,NULL,1,1,0,NULL,NULL,NULL,NULL
BF397E5F-707B-4C5B-B34E-342AFDD45D05,23011-3,10335,Sensor Supply 1 Ckt Failed High (Child 1),NULL,W,Y,Sensor Supply 1 Ckt Failed High (Child 1),NULL,NULL,NULL,NULL,NULL,NULL,NULL,N,NULL,1,1,0,NULL,NULL,NULL,NULL
BF397E5F-707B-4C5B-B34E-342AFDD45D05,23011-4,10336,Sensor Supply 1 Ckt Failed Low (Child 1),NULL,W,Y,Sensor Supply 1 Ckt Failed Low (Child 1),NULL,NULL,NULL,NULL,NULL,NULL,NULL,N,NULL,1,1,0,NULL,NULL,NULL,NULL
BF397E5F-707B-4C5B-B34E-342AFDD45D05,23012-3,10337,Sensor Supply 2 Ckt Failed High (Child 1),NULL,W,Y,Sensor Supply 2 Ckt Failed High (Child 1),NULL,NULL,NULL,NULL,NULL,NULL,NULL,N,NULL,1,1,0,NULL,NULL,NULL,NULL
BF397E5F-707B-4C5B-B34E-342AFDD45D05,23012-4,10338,Sensor Supply 2 Ckt Failed Low (Child 1),NULL,W,Y,Sensor Supply 2 Ckt Failed Low (Child 1),NULL,NULL,NULL,NULL,NULL,NULL,NULL,N,NULL,1,1,0,NULL,NULL,NULL,NULL
BF397E5F-707B-4C5B-B34E-342AFDD45D05,23013-4,10339,Sensor Supply 3 Ckt Failed Low (Child 1),NULL,W,Y,Sensor Supply 3 Ckt Failed Low (Child 1),NULL,NULL,NULL,NULL,NULL,NULL,NULL,N,NULL,1,1,0,NULL,NULL,NULL,NULL
BF397E5F-707B-4C5B-B34E-342AFDD45D05,23017-16,10340,High Battery Voltage (Child 1),NULL,W,Y,High Battery Voltage (Child 1),NULL,NULL,NULL,NULL,NULL,NULL,NULL,N,NULL,1,1,0,NULL,NULL,NULL,NULL
BF397E5F-707B-4C5B-B34E-342AFDD45D05,23017-18,10341,Low Battery Voltage (Child 1),NULL,W,Y,Low Battery Voltage (Child 1),NULL,NULL,NULL,NULL,NULL,NULL,NULL,N,NULL,1,1,0,NULL,NULL,NULL,NULL
BF397E5F-707B-4C5B-B34E-342AFDD45D05,23020-3,10342,Sensor Supply 4 Ckt Failed High (Child 1),NULL,W,Y,Sensor Supply 4 Ckt Failed High (Child 1),NULL,NULL,NULL,NULL,NULL,NULL,NULL,N,NULL,1,1,0,NULL,NULL,NULL,NULL
BF397E5F-707B-4C5B-B34E-342AFDD45D05,23020-4,10343,Sensor Supply 4 Ckt Failed Low (Child 1),NULL,W,Y,Sensor Supply 4 Ckt Failed Low (Child 1),NULL,NULL,NULL,NULL,NULL,NULL,NULL,N,NULL,1,1,0,NULL,NULL,NULL,NULL
